DROP TABLE IF EXISTS edd_bomb;
CREATE TABLE `edd_bomb` (
  `bomb_id` int(11) NOT NULL AUTO_INCREMENT,
  `bomb_date` int(11) DEFAULT NULL COMMENT '炸弹日期',
  `round_id` int(11) DEFAULT NULL COMMENT '局数id',
  `player_id` int(11) DEFAULT NULL COMMENT '玩家id',
  `room_id` int(11) DEFAULT NULL COMMENT '房间id',
  `bomb_num` int(11) DEFAULT NULL COMMENT '炸弹大小',
  PRIMARY KEY (`bomb_id`)
) ENGINE=MyISAM AUTO_INCREMENT=22 DEFAULT CHARSET=utf8 COMMENT='炸弹';
INSERT INTO `edd_bomb` VALUES 
('1','1503040728','1','1','149','16'),
('2','1503041511','1','3','151','20'),
('3','1503043398','4','4','152','44'),
('4','1503045903','2','2','156','20'),
('5','1503296767','5','2','158','20'),
('6','1503391399','8','1','248','40'),
('7','1503393242','1','2','251','20'),
('8','1503393248','1','3','251','24'),
('9','1503394099','2','4','252','20'),
('10','1503458318','5','1','268','24'),
('11','1503458467','6','4','268','12'),
('12','1503458616','7','1','268','16'),
('13','1503631806','10','7','306','28'),
('14','1503631843','10','12','306','24'),
('15','1504060038','6','14','340','24'),
('16','1504234463','4','14','373','8'),
('17','1504254000','1','13','392','20'),
('18','1504254209','3','9','392','40'),
('19','1504254562','7','7','392','24'),
('20','1504254657','8','9','392','24'),
('21','1504255916','8','11','393','12');
DROP TABLE IF EXISTS edd_draw;
CREATE TABLE `edd_draw` (
  `draw_id` int(11) NOT NULL AUTO_INCREMENT COMMENT '提现id',
  `draw_money` decimal(10,2) NOT NULL DEFAULT '0.00' COMMENT '提现的钱',
  `draw_date` varchar(255) DEFAULT NULL COMMENT '提现申请时间',
  `draw_type` tinyint(3) NOT NULL DEFAULT '0' COMMENT '0 未处理 1未通过 2通过',
  `user_id` int(11) DEFAULT NULL COMMENT '代理id',
  PRIMARY KEY (`draw_id`)
) ENGINE=MyISAM AUTO_INCREMENT=5 DEFAULT CHARSET=utf8 COMMENT='代理的提现申请';
DROP TABLE IF EXISTS edd_game_pic;
CREATE TABLE `edd_game_pic` (
  `game_pic_id` int(11) NOT NULL AUTO_INCREMENT,
  `option_value` text COMMENT '图片参数',
  PRIMARY KEY (`game_pic_id`)
) ENGINE=InnoDB AUTO_INCREMENT=2 DEFAULT CHARSET=utf8 COMMENT='游戏图片';
INSERT INTO `edd_game_pic` VALUES 
('1','{\"card_pic\":\"\\/data\\/upload\\/admin\\/game_pic\\/20170817\\/00b20c313d7ea4b0ba102a6c3ff3f72d.png\",\"table_pic\":\"\\/data\\/upload\\/admin\\/game_pic\\/20170817\\/7d89fb46c93649d941f7f3eb2154be94.jpg\"}');
DROP TABLE IF EXISTS edd_imgs;
CREATE TABLE `edd_imgs` (
  `img_id` int(11) NOT NULL AUTO_INCREMENT,
  `img_size` varchar(255) DEFAULT NULL,
  `upload_date` varchar(255) DEFAULT NULL COMMENT '上传日期',
  `user_id` varchar(255) DEFAULT NULL COMMENT '操作者',
  `ip` varchar(255) DEFAULT NULL COMMENT '操作ip',
  `img_path` varchar(255) DEFAULT NULL COMMENT '图片路径',
  PRIMARY KEY (`img_id`)
) ENGINE=MyISAM AUTO_INCREMENT=59 DEFAULT CHARSET=utf8 COMMENT='图片管理';
INSERT INTO `edd_imgs` VALUES 
('20','45.823KB','1499414124','1','127.0.0.1','/data/upload/admin/avatar/20170707/81b8e35690d262f0520dda92bfef97b6.jpg'),
('24','38.063KB','1499415270','1','127.0.0.1','/data/upload/admin/avatar/20170707/1918386ea782997445a421ece9df3560.jpg'),
('25','48.368KB','1500021962','1','127.0.0.1','/data/upload/admin/logo/20170714/f8bc46b8696c512adf03b31c996bd860.png'),
('27','36.88KB','1501059705','1','127.0.0.1','/data/upload/admin/logo/20170726/50673c7bd05af320df032e2b335e1008.png'),
('31','45.823KB','1501570580','1','127.0.0.1','/data/upload/admin/avatar/20170801/f546230d7286cfbb64e025ce87ca30c0.jpg'),
('51','42.764KB','1503468589','1','139.205.135.188','/data/upload/admin/avatar/20170823/3902c81031eff236a4c348cc567947f0.jpg'),
('33','42.079KB','1501663540','1','139.205.129.250','/data/upload/admin/avatar/20170802/c4c0b8e0196c32aa3d9343fa989f8963.jpg'),
('34','42.862KB','1501664004','1','139.205.129.250','/data/upload/admin/avatar/20170802/1dc7179db20728e30883f2747b5b72f6.jpg'),
('50','42.764KB','1503022752','1','139.205.129.255','/data/upload/admin/avatar/20170818/75b8fa4092d0ac4cf0722f31fa07fdb5.jpg'),
('43','38.663KB','1502955698','1','139.205.129.255','/data/upload/admin/logo/20170817/82f4898204a1396029b1c5a4dde52a25.png'),
('44','3.965KB','1502955822','1','139.205.129.255','/data/upload/admin/game_pic/20170817/00b20c313d7ea4b0ba102a6c3ff3f72d.png'),
('52','45.552KB','1503468972','1','139.205.135.188','/data/upload/admin/avatar/20170823/dfbd78c39cef66878656811faf72d6d9.jpg'),
('49','272.11KB','1502961388','1','139.205.129.255','/data/upload/admin/game_pic/20170817/7d89fb46c93649d941f7f3eb2154be94.jpg'),
('53','38.02KB','1503479948','1','139.205.135.188','/data/upload/admin/avatar/20170823/60843d7e5fa13e800096c43de854f09a.jpg'),
('48','536.336KB','1502956887','1','139.205.129.255','/data/upload/admin/login_pic/20170817/199af73350ca09a60337bf0de077d0ab.jpeg'),
('54','45.552KB','1503480183','1','139.205.135.188','/data/upload/admin/avatar/20170823/cd194b2f41c08ed5faa6521a0f6d5fb3.jpg'),
('55','41.975KB','1503632938','1','139.205.135.188','/data/upload/admin/avatar/20170825/ff9f1f74553c3f14ffe4a34df00b6de7.jpg'),
('56','42.764KB','1503648978','1','139.205.135.188','/data/upload/admin/avatar/20170825/b4924b8038b82abe5c00fe0e6b22fdcd.jpg'),
('57','42.648KB','1503649088','1','139.205.135.188','/data/upload/admin/avatar/20170825/69fdbfe2121734a91175ea7fb7291bd7.jpg'),
('58','42.648KB','1503649253','1','139.205.135.188','/data/upload/admin/avatar/20170825/a20a9072462e305f108a8e47ede63388.jpg');
DROP TABLE IF EXISTS edd_log;
CREATE TABLE `edd_log` (
  `log_id` int(11) NOT NULL AUTO_INCREMENT,
  `content` text,
  `log_time` int(11) DEFAULT NULL,
  `from_id` varchar(255) DEFAULT NULL,
  PRIMARY KEY (`log_id`)
) ENGINE=MyISAM AUTO_INCREMENT=20 DEFAULT CHARSET=utf8 COMMENT='操作日志记录';
INSERT INTO `edd_log` VALUES 
('13','管理员编辑提交','1490085875','13'),
('14','管理员编辑提交','1490085928','13'),
('15','管理员编辑提交','1490086060','13'),
('16','管理员编辑提交','1490086067','13'),
('17','管理员编辑提交','1490086113','13'),
('18','管理员编辑提交','1490086118','13'),
('19','管理员编辑提交','1491459715','13');
DROP TABLE IF EXISTS edd_menu;
CREATE TABLE `edd_menu` (
  `id` smallint(6) unsigned NOT NULL AUTO_INCREMENT,
  `parentid` smallint(6) unsigned NOT NULL DEFAULT '0',
  `module` varchar(30) NOT NULL DEFAULT '' COMMENT '模块',
  `controller` varchar(30) NOT NULL DEFAULT '' COMMENT '控制器',
  `method` varchar(50) NOT NULL DEFAULT '' COMMENT '操作名称',
  `data` varchar(50) NOT NULL DEFAULT '' COMMENT '额外参数',
  `type` tinyint(1) NOT NULL DEFAULT '0' COMMENT '菜单类型 1：权限认证；0：只作为菜单',
  `status` tinyint(1) unsigned NOT NULL DEFAULT '0' COMMENT '状态，1显示，0禁用',
  `name` varchar(50) NOT NULL COMMENT '菜单名称',
  `icon` varchar(50) DEFAULT NULL COMMENT '菜单图标',
  `remark` varchar(255) NOT NULL DEFAULT '' COMMENT '备注',
  `listorder` smallint(6) unsigned NOT NULL DEFAULT '0' COMMENT '排序ID',
  `nav_list` varchar(255) DEFAULT '0' COMMENT '层级关系',
  PRIMARY KEY (`id`),
  KEY `status` (`status`),
  KEY `parentid` (`parentid`),
  KEY `model` (`controller`)
) ENGINE=MyISAM AUTO_INCREMENT=348 DEFAULT CHARSET=utf8 COMMENT='后台菜单表';
INSERT INTO `edd_menu` VALUES 
('211','249','admin','Menu','home_page','','0','1','后台菜单','fa fa-sitemap','','2','249-211'),
('216','0','admin','Default','default','','0','1','管理组','fa fa-users','12323','3','216'),
('217','216','admin','Admin','home_page','','0','1','管理员','fa fa-user','','0','216-217'),
('218','216','admin','Role','home_page','','0','1','角色管理','fa fa-map-marker','','0','216-218'),
('249','0','admin','Base','default','','0','1','设置','fa fa-gears','','3','249'),
('250','249','admin','Setting','home_page','','0','1','网站信息','fa fa-cog','','2','249-250'),
('252','249','admin','Dblist','home_page','','0','1','数据库备份','fa fa-cloud-download','','1','249-252'),
('265','0','admin','Default','default','','0','1','公告管理','fa fa-rss-square','','3','265'),
('266','265','admin','Posts','home_page_posts','','0','1','文章管理','fa fa-file-text','','0','265-266'),
('267','265','admin','Posts','home_page_term','','0','1','文章分类','fa fa-code-fork','','0','265-267'),
('304','249','admin','Imgs','home_page','','0','1','系统图库','glyphicon glyphicon-picture','','2','249-304'),
('305','216','admin','Admin','add_think','','1','1','管理员添加逻辑','','','0','216-305'),
('306','217','admin','Admin','edit_think','','1','1','管理员编辑逻辑','','','0','216-217-306'),
('307','217','admin','Admin','del_think','','1','1','管理员删除逻辑','','','0','216-217-307'),
('308','218','admin','Role','add_think','','1','1','角色添加逻辑','','','0','216-218-308'),
('309','218','admin','Role','del_think','','1','1','角色删除逻辑','','','0','216-218-309'),
('310','218','admin','Role','edit_think','','1','1','角色编辑逻辑','','','0','216-218-310'),
('311','250','admin','Setting','save_sites','','1','1','存储网站配置信息','','','0','249-250-311'),
('312','250','admin','Setting','save_seo','','1','1','存储完整seo','','','0','249-250-312'),
('313','266','admin','Posts','edit_think_posts','','1','1','文章编辑逻辑','','','0','265-266-313'),
('314','266','admin','Posts','del_think_posts','','1','1','文章删除逻辑','','','0','265-266-314'),
('315','266','admin','Posts','add_think_posts','','1','1','文章添加逻辑','','','0','265-266-315'),
('316','211','admin','Menu','del_think','','1','1','后台菜单删除逻辑','','','0','249-211-316'),
('317','211','admin','Menu','add_think','','1','1','后台菜单添加逻辑','','','0','249-211-317'),
('318','211','admin','Menu','edit_think','','1','1','后台菜单编辑逻辑','','','0','249-211-318'),
('319','252','admin','Dblist','export_more','','1','1','多表导出逻辑','','','0','249-252-319'),
('320','252','admin','Dblist','export_one','','1','1','单表导出逻辑','','','0','249-252-320'),
('321','252','admin','Dblist','del','','1','1','删除文件','','','0','249-252-321'),
('322','304','admin','Imgs','del_think','','1','1','删除图库文件','','','0','249-304-322'),
('323','267','admin','Posts','add_think_term','','1','1','文章分类添加逻辑','','','0','265-267-323'),
('324','267','admin','Posts','del_think_term','','1','1','文章分类删除逻辑','','','0','265-267-324'),
('325','267','admin','Posts','edit_think_term','','1','1','文章分类编辑逻辑','','','0','265-267-325'),
('326','328','admin','Upload','upload_sigle','','1','1','单图片上传逻辑','','','0','328-326'),
('327','328','admin','Upload','del_sigle_file','','1','1','单图片删除逻辑','','','0','328-327'),
('328','0','admin','Default','default','','0','0','功能模块','','','0','328'),
('329','252','admin','Dblist','download','','1','1','数据文件下载','','','0','249-252-329'),
('330','252','admin','Dblist','restore','','1','1','数据库文件执行','','','0','249-252-330'),
('331','249','admin','Setting','plugins_home','','0','1','插件库','fa fa-dropbox','微信、淘宝、短信接口参数','3','249-331'),
('334','0','admin','Profile','home_page','','0','1','下线充值返利','fa fa-money','','0','334'),
('335','0','admin','Draws','self_draw_page','','0','1','我的提现申请','fa fa-check-circle-o','','1','335'),
('336','0','admin','Draws','all_draw_page','','0','1','提现申请','fa fa-usd','','1','336'),
('337','0','admin','Pay','home_page','','0','1','充值记录','fa fa-credit-card','','1','337'),
('344','0','admin','Player','player_home_page','','0','1','玩家管理','fa fa-gamepad','','1','344'),
('345','0','admin','Alldata','show_page','','0','1','统计管理','fa fa-stack-overflow','','1','345'),
('346','249','admin','Setting','show_pic_setting','','0','1','游戏图片','fa fa-dropbox','','2','249-346'),
('347','0','admin','Player','show_all_room','','0','1','房间管理','fa fa-home','','2','347');
DROP TABLE IF EXISTS edd_options;
CREATE TABLE `edd_options` (
  `option_id` bigint(20) unsigned NOT NULL AUTO_INCREMENT,
  `option_name` varchar(64) NOT NULL COMMENT '配置名',
  `option_value` longtext NOT NULL COMMENT '配置值',
  `autoload` int(2) NOT NULL DEFAULT '1' COMMENT '是否自动加载',
  `is_close` tinyint(3) NOT NULL DEFAULT '0' COMMENT '1开启网站，0关闭网站',
  PRIMARY KEY (`option_id`),
  UNIQUE KEY `option_name` (`option_name`)
) ENGINE=MyISAM AUTO_INCREMENT=8 DEFAULT CHARSET=utf8 COMMENT='全站配置表';
INSERT INTO `edd_options` VALUES 
('1','member_email_active','{\"title\":\"ThinkCMF\\u90ae\\u4ef6\\u6fc0\\u6d3b\\u901a\\u77e5.\",\"template\":\"<p>\\u672c\\u90ae\\u4ef6\\u6765\\u81ea<a href=\\\"http:\\/\\/www.thinkcmf.com\\\">ThinkCMF<\\/a><br\\/><br\\/>&nbsp; &nbsp;<strong>---------------<strong style=\\\"white-space: normal;\\\">---<\\/strong><\\/strong><br\\/>&nbsp; &nbsp;<strong>\\u5e10\\u53f7\\u6fc0\\u6d3b\\u8bf4\\u660e<\\/strong><br\\/>&nbsp; &nbsp;<strong>---------------<strong style=\\\"white-space: normal;\\\">---<\\/strong><\\/strong><br\\/><br\\/>&nbsp; &nbsp; \\u5c0a\\u656c\\u7684<span style=\\\"FONT-SIZE: 16px; FONT-FAMILY: Arial; COLOR: rgb(51,51,51); LINE-HEIGHT: 18px; BACKGROUND-COLOR: rgb(255,255,255)\\\">#username#\\uff0c\\u60a8\\u597d\\u3002<\\/span>\\u5982\\u679c\\u60a8\\u662fThinkCMF\\u7684\\u65b0\\u7528\\u6237\\uff0c\\u6216\\u5728\\u4fee\\u6539\\u60a8\\u7684\\u6ce8\\u518cEmail\\u65f6\\u4f7f\\u7528\\u4e86\\u672c\\u5730\\u5740\\uff0c\\u6211\\u4eec\\u9700\\u8981\\u5bf9\\u60a8\\u7684\\u5730\\u5740\\u6709\\u6548\\u6027\\u8fdb\\u884c\\u9a8c\\u8bc1\\u4ee5\\u907f\\u514d\\u5783\\u573e\\u90ae\\u4ef6\\u6216\\u5730\\u5740\\u88ab\\u6ee5\\u7528\\u3002<br\\/>&nbsp; &nbsp; \\u60a8\\u53ea\\u9700\\u70b9\\u51fb\\u4e0b\\u9762\\u7684\\u94fe\\u63a5\\u5373\\u53ef\\u6fc0\\u6d3b\\u60a8\\u7684\\u5e10\\u53f7\\uff1a<br\\/>&nbsp; &nbsp; <a title=\\\"\\\" href=\\\"http:\\/\\/#link#\\\" target=\\\"_self\\\">http:\\/\\/#link#<\\/a><br\\/>&nbsp; &nbsp; (\\u5982\\u679c\\u4e0a\\u9762\\u4e0d\\u662f\\u94fe\\u63a5\\u5f62\\u5f0f\\uff0c\\u8bf7\\u5c06\\u8be5\\u5730\\u5740\\u624b\\u5de5\\u7c98\\u8d34\\u5230\\u6d4f\\u89c8\\u5668\\u5730\\u5740\\u680f\\u518d\\u8bbf\\u95ee)<br\\/>&nbsp; &nbsp; \\u611f\\u8c22\\u60a8\\u7684\\u8bbf\\u95ee\\uff0c\\u795d\\u60a8\\u4f7f\\u7528\\u6109\\u5feb\\uff01<br\\/><br\\/>&nbsp; &nbsp; \\u6b64\\u81f4<br\\/>&nbsp; &nbsp; ThinkCMF \\u7ba1\\u7406\\u56e2\\u961f.<\\/p>\"}','1','0'),
('6','site_options','{\"site_logo\":\"\\/data\\/upload\\/admin\\/logo\\/20170817\\/82f4898204a1396029b1c5a4dde52a25.png\",\"login_pic\":\"\\/data\\/upload\\/admin\\/login_pic\\/20170817\\/199af73350ca09a60337bf0de077d0ab.jpeg\",\"site_name\":\"\\u56db\\u5ddd\\u8dd1\\u5f97\\u5feb\",\"tel\":\"18388201820\",\"hezuoQQ\":\"736382882\",\"weixingongzong\":\"runfast\",\"kefuQQ\":\"8292101\"}','1','1'),
('7','site_seo','{\"seo_title\":\"123123123\",\"seo_key\":\"Give yourself a future!,123123,asdas\",\"seo_remark\":\"\\u6211\\u4e0d\\u660e\\u767d\\uff0c\\u5929\\u7a7a\\u7684\\u9634\\u973e\\uff0c\\u662f\\u4f60\\u7684\\u4f24\\u6000\\u8fd8\\u662f\\u6211\\u7684\\u60b2\\u54c0\\uff0c\\u8c01\\u66fe\\u4ece\\u8c01\\u7684\\u9752\\u6625\\u91cc\\u8d70\\u8fc7\\uff0c\\u7559\\u4e0b\\u4e86\\u7b11\\u9765\\uff0c\\u8c01\\u66fe\\u5728\\u8c01\\u7684\\u82b1\\u5b63\\u91cc\\u505c\\u7559\\uff0c\\u6e29\\u6696\\u4e86\\u60f3\\u5ff5\\uff0c\\u8c01\\u53c8\\u4ece\\u8c01\\u7684\\u96e8\\u5b63\\u91cc\\u6d88\\u5931\\uff0c\\u6cdb\\u6ee5\\u4e86\\u773c\\u6cea\\u3002\"}','1','1');
DROP TABLE IF EXISTS edd_pay_log;
CREATE TABLE `edd_pay_log` (
  `pay_id` int(11) NOT NULL AUTO_INCREMENT,
  `order_sn` varchar(255) DEFAULT NULL COMMENT '订单编号',
  `pay_date` varchar(255) DEFAULT NULL COMMENT '支付时间',
  `player_id` varchar(255) DEFAULT NULL COMMENT '玩家id',
  `pay_money` decimal(10,2) DEFAULT NULL COMMENT '支付金额',
  `diamond_nums` int(11) DEFAULT NULL COMMENT '砖石数量',
  `account` varchar(255) DEFAULT NULL COMMENT '折扣比例',
  `money` decimal(10,2) DEFAULT NULL COMMENT '原价',
  PRIMARY KEY (`pay_id`)
) ENGINE=MyISAM AUTO_INCREMENT=148 DEFAULT CHARSET=utf8 COMMENT='微信支付日志';
INSERT INTO `edd_pay_log` VALUES 
('19','2017080397974910','1501728330','3','18.00','18','1','18.00'),
('24','2017080356575299','1501731992','1','5.70','6','0.95','6.00'),
('25','2017080352100101','1501733044','1','311.60','328','0.95','328.00'),
('26','2017080354574953','1501733046','1','311.60','328','0.95','328.00'),
('27','2017080353995249','1501733093','1','5.70','6','0.95','6.00'),
('29','2017081410210097','1502694383','2','328.00','328','1','328.00'),
('17','2017080349101984','1501727921','3','128.00','128','1','128.00'),
('30','2017081498505398','1502700699','4','24.00','30','0.8','30.00'),
('31','2017081510156981','1502783262','4','262.40','328','0.8','328.00'),
('32','2017081755569757','1502969815','1','28.50','30','0.95','30.00'),
('33','2017081849975099','1503037361','1','17.10','18','0.95','18.00'),
('34','2017081851491015','1503037363','1','17.10','18','0.95','18.00'),
('35','2017081852489955','1503037364','1','17.10','18','0.95','18.00'),
('36','2017081852101569','1503037364','1','17.10','18','0.95','18.00'),
('37','2017081854545698','1503038550','2','18.00','18','1','18.00'),
('38','2017081848545649','1503038576','2','68.00','68','1','68.00'),
('39','2017081810150504','1503038590','2','6.00','6','1','6.00'),
('40','2017081855985754','1503038599','2','6.00','6','1','6.00'),
('41','2017081856981015','1503038600','2','6.00','6','1','6.00'),
('42','2017081857575050','1503038601','2','6.00','6','1','6.00'),
('43','2017081897545052','1503038602','2','6.00','6','1','6.00'),
('44','2017081848499952','1503038624','2','6.00','6','1','6.00'),
('45','2017081849541005','1503038625','2','6.00','6','1','6.00'),
('46','2017081850564997','1503038626','2','6.00','6','1','6.00'),
('47','2017081851565757','1503038627','2','18.00','18','1','18.00'),
('48','2017081852545455','1503038628','2','30.00','30','1','30.00'),
('49','2017082157975148','1503282089','7','328.00','328','1','328.00'),
('50','2017082254995710','1503413622','8','30.00','30','1','30.00'),
('51','2017082210252565','1503414623','8','30.00','30','1','30.00'),
('52','2017082350574957','1503467026','8','30.00','30','1','30.00'),
('53','2017082350971025','1503481554','1','30.00','30','1','30.00'),
('54','2017082355579957','1503481559','1','30.00','30','1','30.00'),
('55','2017082555501005','1503628871','9','30.00','30','1','30.00'),
('56','2017082548485797','1503633840','12','30.00','30','1','30.00'),
('57','2017082549555210','1503633841','12','30.00','30','1','30.00'),
('58','2017082550535598','1503633842','12','30.00','30','1','30.00'),
('59','2017082551505350','1503633843','12','30.00','30','1','30.00'),
('60','2017082552491024','1503633844','12','30.00','30','1','30.00'),
('61','2017082553495554','1503633845','12','30.00','30','1','30.00'),
('62','2017082553102485','1503633845','12','30.00','30','1','30.00'),
('63','2017082555485198','1503633847','12','30.00','30','1','30.00'),
('64','2017082598511015','1503635515','13','30.00','30','1','30.00'),
('65','2017082510051495','1503635517','13','30.00','30','1','30.00'),
('66','2017082510156565','1503635518','13','30.00','30','1','30.00'),
('67','2017082510110098','1503635518','7','328.00','328','1','328.00'),
('68','2017082510256575','1503635519','13','30.00','30','1','30.00'),
('69','2017082548529750','1503635520','7','328.00','328','1','328.00'),
('70','2017082548991019','1503635520','13','30.00','30','1','30.00'),
('71','2017082549535553','1503635521','7','328.00','328','1','328.00'),
('72','2017082550494810','1503635522','13','30.00','30','1','30.00'),
('73','2017082550494955','1503635522','7','328.00','328','1','328.00'),
('74','2017082550101485','1503635522','7','328.00','328','1','328.00'),
('75','2017082551579850','1503635523','7','328.00','328','1','328.00'),
('76','2017082552525310','1503635524','7','328.00','328','1','328.00'),
('77','2017082552102515','1503635524','7','328.00','328','1','328.00'),
('78','2017082553569898','1503635525','7','328.00','328','1','328.00'),
('79','2017082554495698','1503635526','7','328.00','328','1','328.00'),
('80','2017082554974810','1503635526','7','328.00','328','1','328.00'),
('81','2017082555491009','1503635527','7','328.00','328','1','328.00'),
('82','2017082555565654','1503635527','7','328.00','328','1','328.00'),
('83','2017082556499998','1503635528','7','328.00','328','1','328.00'),
('84','2017082556575298','1503635528','7','328.00','328','1','328.00'),
('85','2017082557505454','1503635529','7','328.00','328','1','328.00'),
('86','2017082557974950','1503635529','7','328.00','328','1','328.00'),
('87','2017082597489810','1503635530','7','328.00','328','1','328.00'),
('88','2017082597531011','1503635530','13','30.00','30','1','30.00'),
('89','2017082597541005','1503635530','7','328.00','328','1','328.00'),
('90','2017082598485651','1503635531','7','328.00','328','1','328.00'),
('91','2017082598531015','1503635531','7','328.00','328','1','328.00'),
('92','2017082598971005','1503635531','13','30.00','30','1','30.00'),
('93','2017082598994954','1503635531','7','328.00','328','1','328.00'),
('94','2017082599501009','1503635532','7','328.00','328','1','328.00'),
('95','2017082599565456','1503635532','7','328.00','328','1','328.00'),
('96','2017082599100539','1503635532','11','30.00','30','1','30.00'),
('97','2017082599101515','1503635532','7','328.00','328','1','328.00'),
('98','2017082510049484','1503635533','13','30.00','30','1','30.00'),
('99','2017082510052985','1503635533','7','328.00','328','1','328.00'),
('100','2017082510149565','1503635534','7','328.00','328','1','328.00'),
('101','2017082510154994','1503635534','7','328.00','328','1','328.00'),
('102','2017082510156979','1503635534','11','30.00','30','1','30.00'),
('103','2017082510110153','1503635534','7','328.00','328','1','328.00'),
('104','2017082510254505','1503635535','7','328.00','328','1','328.00'),
('105','2017082510210099','1503635535','11','30.00','30','1','30.00'),
('106','2017082548485457','1503635536','13','30.00','30','1','30.00'),
('107','2017082548979857','1503635536','7','328.00','328','1','328.00'),
('108','2017082549504850','1503635537','11','30.00','30','1','30.00'),
('109','2017082549974898','1503635537','7','328.00','328','1','328.00'),
('110','2017082550515155','1503635538','7','328.00','328','1','328.00'),
('111','2017082550525255','1503635538','11','30.00','30','1','30.00'),
('112','2017082550979810','1503635538','7','328.00','328','1','328.00'),
('113','2017082551499810','1503635539','7','328.00','328','1','328.00'),
('114','2017082551519951','1503635539','11','30.00','30','1','30.00'),
('115','2017082551559998','1503635539','7','328.00','328','1','328.00'),
('116','2017082552525210','1503635540','7','328.00','328','1','328.00'),
('117','2017082552100521','1503635540','7','328.00','328','1','328.00'),
('118','2017082553101101','1503635541','7','328.00','328','1','328.00'),
('119','2017082554559950','1503635542','7','328.00','328','1','328.00'),
('120','2017082555494951','1503635543','7','328.00','328','1','328.00'),
('121','2017082555564998','1503635543','7','328.00','328','1','328.00'),
('122','2017082548499954','1503639776','9','18.00','21','0.2','18.00'),
('123','2017082510154989','1503648846','9','18.00','19','0.1','18.00'),
('124','2017082597505210','1503649978','9','328.00','393','0.2','328.00'),
('125','2017082550571001','1503649986','9','328.00','393','0.2','328.00'),
('126','2017082553531005','1503650005','9','328.00','393','0.2','328.00'),
('127','2017082555985699','1503650039','9','30.00','33','0.1','30.00'),
('128','2017082510055494','1503650589','9','6.00','6','0.1','6.00'),
('129','2017082552565356','1503650644','9','6.00','6','0.1','6.00'),
('130','2017082597981025','1503650650','7','18.00','18','0','18.00'),
('131','2017082510098999','1503650701','9','6.00','6','0.1','6.00'),
('132','2017082552545149','1503650708','9','18.00','19','0.1','18.00'),
('133','2017082510149561','1503650718','7','18.00','18','0','18.00'),
('134','2017082553102505','1503650725','7','18.00','18','0','18.00'),
('135','2017082550495356','1503650738','9','18.00','19','0.1','18.00'),
('136','2017082550499749','1503650786','9','18.00','19','0.1','18.00'),
('137','2017082510052491','1503650877','9','6.00','6','0.1','6.00'),
('138','2017082550501005','1503650882','9','18.00','19','0.1','18.00'),
('139','2017082554535453','1503651030','9','18.00','19','0.1','18.00'),
('140','2017082798565649','1503835915','9','328.00','344','0.05','328.00'),
('141','2017082851504957','1503884435','9','18.00','27','0.5','18.00'),
('142','2017082899529710','1503884476','9','18.00','27','0.5','18.00'),
('143','2017082854509855','1503894150','13','30.00','30','0','30.00'),
('144','2017082855100545','1503894151','13','30.00','30','0','30.00'),
('145','2017082857545754','1503894153','13','30.00','30','0','30.00'),
('146','2017090110156575','1504238942','12','30.00','30','0','30.00'),
('147','2017090150999749','1504254914','14','328.00','328','0','328.00');
DROP TABLE IF EXISTS edd_player;
CREATE TABLE `edd_player` (
  `player_id` int(11) NOT NULL AUTO_INCREMENT,
  `avatar` varchar(255) DEFAULT NULL,
  `name` varchar(255) DEFAULT NULL,
  `openid` varchar(255) DEFAULT NULL,
  `sex` tinyint(3) NOT NULL DEFAULT '0',
  `diamond` int(11) NOT NULL DEFAULT '0' COMMENT '砖石个数',
  `create_time` varchar(255) DEFAULT NULL COMMENT '账号创建时间',
  `users_id` int(11) DEFAULT NULL COMMENT '所属代理的user_id，没有则不填，有，可以享受充值一定百分比的折扣，同时会给代理返利，返利百分比由后台设置',
  `addr` varchar(255) DEFAULT NULL COMMENT '地区',
  PRIMARY KEY (`player_id`)
) ENGINE=MyISAM AUTO_INCREMENT=15 DEFAULT CHARSET=utf8 COMMENT='玩家';
INSERT INTO `edd_player` VALUES 
('1','http://img.hb.aicdn.com/2dbe70ea5f349594098c0761c74f70c5c889d9691ce6-f1oIEZ_fw658','高竞','','0','752','1501123879','0',''),
('2','http://img.hb.aicdn.com/fcb5f231a967afbe4acd786f156383f3c71b325c2a3e-MWX6im_fw658','eddie','','1','405','1501123879','0',''),
('3','http://img.hb.aicdn.com/9fb1044ad22876d2dd2e369e66a90a88383e86ee629b-J7YbJE_fw658','王宇','','2','128','1501123879','0',''),
('4','http://img.hb.aicdn.com/4cb1f1f49653ca11d5345234eaa6f122366160557b618-2rTr1I_fw658','向兴','','0','151','1501123879','0',''),
('8','http://wx.qlogo.cn/mmopen/TibnzKfJA8dyVuibKG2KMC2ArBjLxZmTjpC5OKpE1G1mvibfVRHW7PbKzbrp4eOszZsOdOd1I8GJ9QChrcnDV0iaMQ/0','lron man_','oY6480nYItpEbWSDBc9d8j04X0eM','1','78','','','多米尼加共和国//'),
('7','http://wx.qlogo.cn/mmopen/cx5RzXEGggE03ozAlnvMicROibAmPbFn8fph64zx8ZGXO4aHpfnsYZsazuJ4mcia8UErLoL1gjK1axKiboqb1lMxFd7IS7cOj0Dm/0','金三瘦','oY6480tMO7Q2ZK-spOhOeTypomTs','1','14026','','0','中国/四川/成都'),
('9','http://wx.qlogo.cn/mmopen/Q3auHgzwzM7k3UofUypQZZkicdEafg7CjhxNibjg7X9Se0EVXQ0siaF9YTjI41miaIzlMDuZibYZhfssrzMZia7py7drWklVkG7cxuWILKSIcIsH4/0','阿文','oY6480nXEykXW0eoeXuh1ES1cqXg','1','427','','0','CN/Chongqing/Shapingba'),
('10','http://wx.qlogo.cn/mmopen/cx5RzXEGggGsfDjO5VT4dHsJLQzGNsib0NGNg6xnWsRZUQTfX907nbRiaARyX9IvxcptWnkovOTcarHsOJzawichOPBf9AgEMWj/0','跟随星星的指引','oY6480obQxDwesHvMAZlo8kdfFKM','1','0','','','中国/四川/南充'),
('11','http://wx.qlogo.cn/mmopen/hBBytdOiaSGGhVL3erAJ3nmewPylcSpyCChxM7E3ibe5htbQLoC4foy3pYnVQHU5h7c1TmicicTH9MfP323MOb3SUlpUAQvaYMXQ/0','我叫爱老虎油！','oY6480soz1Pp7XxCq3w57t-8hLEY','1','168','','','中国/四川/绵阳'),
('12','http://wx.qlogo.cn/mmopen/y5RpFDuUOby6QNP3EEIibffia8QSlW9XCTu7n1vGVo6EibSMTqRd1h2Onwo3DibIGeouOpGia5lvuUtje1pHT0CDg6AhRZQ6K8NaB/0','罗嘉皓','oY6480uypOSY0-4Gm6IxvBZ9Bhas','1','267','','0','中国/四川/绵阳'),
('13','http://wx.qlogo.cn/mmopen/hBBytdOiaSGFPHHT2hGulmIib2Aiac3YmA7NZ1vB3c2ArvzGVBx9BaSuCLYAAGFp2PtoFMTlBk1tiaFODZiapae7QMQY67wicE1X3B/0','王某某','oY6480rRQ5j4orFdYx7ns782qtkg','1','387','','0','中国/四川/绵阳'),
('14','http://wx.qlogo.cn/mmopen/TibnzKfJA8dw8jTVFnxKNVER8U01sq99LA0rfaja2eSXajWcvPRTx21tBn6TiaTAfkQrmQpaVIyBDHkTJiaq3rWR8Y4MJRbrh3p/0','T so','oY6480jiDDlCgwil5HQ7kis2ifaQ','1','325','1503894215','','中国/四川/巴中');
DROP TABLE IF EXISTS edd_player_log;
CREATE TABLE `edd_player_log` (
  `log_id` int(11) NOT NULL AUTO_INCREMENT,
  `log_content` varchar(255) DEFAULT NULL,
  `log_date` varchar(255) DEFAULT NULL,
  `player_id` int(11) DEFAULT NULL,
  `round_id` int(11) DEFAULT NULL,
  `room_id` varchar(255) DEFAULT NULL,
  PRIMARY KEY (`log_id`)
) ENGINE=MyISAM AUTO_INCREMENT=2596 DEFAULT CHARSET=utf8 COMMENT='玩家出牌日志';
INSERT INTO `edd_player_log` VALUES 
('1','5,6,7','1502779518','3','0','59'),
('2','8,9,10','1502779524','4','0','59'),
('3','Q,K,A','1502779529','2','0','59'),
('4','8,8,9,9','1502779537','2','0','59'),
('5','10,10,J,J','1502779547','3','0','59'),
('6','Q','1502779554','3','0','59'),
('7','A','1502779559','4','0','59'),
('8','5,5,6,6','1502779565','4','0','59'),
('9','J','1502779571','4','0','59'),
('10','A','1502779576','2','0','59'),
('11','5','1502779581','2','0','59'),
('12','K','1502779586','1','0','59'),
('13','A','1502779590','3','0','59'),
('14','K','1502779600','3','0','59'),
('15','9,9','1502784887','1','0','75'),
('16','10,10','1502784908','2','0','75'),
('17','K,K','1502784920','1','0','75'),
('18','A,A','1502784931','2','0','75'),
('19','J,J,Q,Q','1502784940','2','0','75'),
('20','8','1502784948','2','0','75'),
('21','Q','1502784951','4','0','75'),
('22','A','1502784960','1','0','75'),
('23','4','1502784972','1','0','75'),
('24','7','1502784977','3','0','75'),
('25','9','1502784979','2','0','75'),
('26','5,6,7','1502786455','2','0','78'),
('27','Q,K,A','1502786462','3','0','78'),
('28','7,7','1502786468','3','0','78'),
('29','10,10','1502786472','4','0','78'),
('30','Q,Q','1502786483','1','0','78'),
('31','6,7,8,9','1502786497','1','0','78'),
('32','9,10,J,Q','1502786509','2','0','78'),
('33','A','1502786523','2','0','78'),
('34','5','1502786539','2','0','78'),
('35','8','1502786544','3','0','78'),
('36','K','1502786548','4','0','78'),
('37','A','1502786557','3','0','78'),
('38','J','1502786566','3','0','78'),
('39','A','1502786570','4','0','78'),
('40','8,9,10,J','1502786576','4','0','78'),
('41','5','1502786582','4','0','78'),
('42','9','1502786588','1','0','78'),
('43','K','1502786591','3','0','78'),
('44','J','1502786598','3','0','78'),
('45','5,6,7,8,9,10,J','1502789894','1','0','83'),
('46','A','1502789910','1','0','83'),
('47','K,K','1502789922','1','0','83'),
('48','J,Q,K,A','1502789989','2','0','83'),
('49','4,4','1502790008','2','0','83'),
('50','5,5','1502790017','1','0','83'),
('51','Q,Q','1502790021','4','0','83'),
('52','K,K','1502790035','1','0','83'),
('53','A,A','1502790037','4','0','83'),
('54','7,8,9,10','1502790042','4','0','83'),
('55','8,9,10,J','1502790051','3','0','83'),
('56','5,6,7,8','1502790057','3','0','83'),
('57','5','1502790062','3','0','83'),
('58','9','1502790072','2','0','83'),
('59','10','1502790079','1','0','83'),
('60','Q','1502790082','3','0','83'),
('61','5,5','1502793030','2','1','92'),
('62','K,K','1502793037','3','1','92'),
('63','A,A','1502793041','4','1','92'),
('64','10,J,Q,K','1502793049','4','1','92'),
('65','J,Q,K,A','1502793078','1','1','92'),
('66','5,6,7,8','1502793100','1','1','92'),
('67','9,10,J,Q','1502793111','2','1','92'),
('68','6','1502793129','2','1','92'),
('69','8','1502793133','3','1','92'),
('70','10','1502793139','1','1','92'),
('71','A','1502793144','2','1','92'),
('72','9,9','1502793151','2','1','92'),
('73','5,5','1502793030','2','1','92'),
('74','K,K','1502793037','3','1','92'),
('75','A,A','1502793041','4','1','92'),
('76','10,J,Q,K','1502793049','4','1','92'),
('77','J,Q,K,A','1502793078','1','1','92'),
('78','5,6,7,8','1502793100','1','1','92'),
('79','9,10,J,Q','1502793111','2','1','92'),
('80','6','1502793129','2','1','92'),
('81','8','1502793133','3','1','92'),
('82','10','1502793139','1','1','92'),
('83','A','1502793144','2','1','92'),
('84','9,9','1502793151','2','1','92'),
('85','8,8','1502793177','2','2','92'),
('86','K,K','1502793182','3','2','92'),
('87','A,A','1502793212','1','2','92'),
('88','9,9,10,10','1502793240','1','2','92'),
('89','5','1502793262','1','2','92'),
('90','7','1502793270','4','2','92'),
('91','9','1502793296','2','2','92'),
('92','10','1502793314','3','2','92'),
('93','Q','1502793319','1','2','92'),
('94','K','1502793326','4','2','92'),
('95','A','1502793333','2','2','92'),
('96','6,6','1502793351','2','2','92'),
('97','J,J','1502793362','3','2','92'),
('98','Q,Q','1502793371','4','2','92'),
('99','5,6,7,8','1502793379','4','2','92'),
('100','8','1502793400','4','2','92'),
('101','10','1502793419','2','2','92'),
('102','Q','1502793423','3','2','92'),
('103','K','1502793427','1','2','92'),
('104','A','1502793430','2','2','92'),
('105','J','1502793443','2','2','92'),
('106','5','1502793450','2','2','92'),
('107','J,Q,K','1502793886','1','1','94'),
('108','4,5,6,7','1502793895','1','1','94'),
('109','5,6,7,8','1502793903','3','1','94'),
('110','4','1502793912','3','1','94'),
('111','A','1502793916','2','1','94'),
('112','10,10,10','1502793922','2','1','94'),
('113','8,8','1502793928','2','1','94'),
('114','9,9','1502793931','4','1','94'),
('115','K,K','1502793936','3','1','94'),
('116','5','1502793943','3','1','94'),
('117','A','1502793947','2','1','94'),
('118','Q,Q','1502793953','2','1','94'),
('119','5','1502793959','2','1','94'),
('120','5,5,6,6','1502794407','2','1','95'),
('121','6,6,7,7','1502794418','1','1','95'),
('122','J,J,Q,Q','1502794421','2','1','95'),
('123','Q','1502794427','2','1','95'),
('124','A','1502794430','3','1','95'),
('125','8,8,8','1502794438','3','1','95'),
('126','A,A,A','1502794442','4','1','95'),
('127','9','1502794448','4','1','95'),
('128','10','1502794454','1','1','95'),
('129','K','1502794457','2','1','95'),
('130','5','1502794536','3','2','95'),
('131','6','1502794541','4','2','95'),
('132','K','1502794546','1','2','95'),
('133','A','1502794549','2','2','95'),
('134','8,8,9,9','1502794554','2','2','95'),
('135','10,10,J,J','1502794562','4','2','95'),
('136','5','1502794573','4','2','95'),
('137','K','1502794579','1','2','95'),
('138','A','1502794583','3','2','95'),
('139','7,7,7','1502794589','3','2','95'),
('140','A,A','1502794595','3','2','95'),
('141','Q','1502794601','3','2','95'),
('142','K','1502794604','4','2','95'),
('143','K','1502794610','4','2','95'),
('144','Q','1502794615','4','2','95'),
('145','8','1502794623','4','2','95'),
('146','5,6,7','1502849197','4','1','104'),
('147','8,9,10','1502849206','3','1','104'),
('148','9,10,J','1502849220','1','1','104'),
('149','Q,K,A','1502849229','4','1','104'),
('150','6','1502849235','4','1','104'),
('151','A','1502849238','3','1','104'),
('152','J,J,Q,Q','1502849244','3','1','104'),
('153','6','1502849255','3','1','104'),
('154','A','1502849260','1','1','104'),
('155','7,7','1502849279','1','1','104'),
('156','K,K','1502849298','2','1','104'),
('157','9,10,J','1502849306','2','1','104'),
('158','5,5','1502849326','2','1','104'),
('159','8','1502849342','2','1','104'),
('160','9','1502849345','4','1','104'),
('161','K','1502849356','1','1','104'),
('162','A','1502849360','2','1','104'),
('163','6','1502849366','2','1','104'),
('164','5','1502850176','3','1','105'),
('165','A','1502850182','4','1','105'),
('166','5,6,7,8,9','1502850188','4','1','105'),
('167','6,7,8,9,10','1502850206','2','1','105'),
('168','9,10,J,Q,K','1502850219','3','1','105'),
('169','8,9,10,J','1502850226','3','1','105'),
('170','5,6,7,8','1502850253','3','2','105'),
('171','6,7,8,9','1502850268','1','2','105'),
('172','10,J,Q,K','1502850272','3','2','105'),
('173','5','1502850278','3','2','105'),
('174','6','1502850282','4','2','105'),
('175','A','1502850292','2','2','105'),
('176','5,6,7,8','1502850299','2','2','105'),
('177','8,9,10,J','1502850309','1','2','105'),
('178','A,A','1502850315','1','2','105'),
('179','5,5','1502850490','1','3','105'),
('180','6,6','1502850495','3','3','105'),
('181','9,9','1502850503','4','3','105'),
('182','10,10','1502850507','2','3','105'),
('183','K,K','1502850512','3','3','105'),
('184','A,A','1502850514','4','3','105'),
('185','10,J,Q,K','1502850520','4','3','105'),
('186','5','1502850564','4','3','105'),
('187','9','1502850571','2','3','105'),
('188','Q','1502850577','1','3','105'),
('189','A','1502850590','3','3','105'),
('190','J,J','1502850598','3','3','105'),
('191','7','1502850605','3','3','105'),
('192','J','1502850606','4','3','105'),
('193','5,6,7,8','1502850641','2','4','105'),
('194','10,J,Q,K','1502850649','1','4','105'),
('195','5','1502850658','1','4','105'),
('196','7','1502850663','3','4','105'),
('197','J','1502850669','4','4','105'),
('198','K','1502850672','2','4','105'),
('199','A','1502850674','1','4','105'),
('200','6','1502850680','1','4','105'),
('201','8','1502850685','3','4','105'),
('202','9','1502850689','4','4','105'),
('203','A','1502850692','2','4','105'),
('204','10,10','1502850697','2','4','105'),
('205','A,A','1502850702','1','4','105'),
('206','Q','1502850708','1','4','105'),
('207','5,5','1502850721','4','5','105'),
('208','9,9','1502850726','2','5','105'),
('209','Q,Q','1502850733','3','5','105'),
('210','6,7,8','1502850739','3','5','105'),
('211','8,9,10','1502850746','4','5','105'),
('212','10,J,Q','1502850753','1','5','105'),
('213','Q,K,A','1502850755','3','5','105'),
('214','A','1502850761','3','5','105'),
('215','6','1502850766','3','5','105'),
('216','5,5,6,6','1502850781','1','6','105'),
('217','10,10,J,J','1502850788','4','6','105'),
('218','Q,Q,K,K','1502850792','1','6','105'),
('219','A','1502850798','1','6','105'),
('220','J','1502850803','1','6','105'),
('221','4,5,6,7','1502851737','4','1','106'),
('222','9,10,J,Q','1502851748','3','1','106'),
('223','4','1502851755','3','1','106'),
('224','6','1502851758','4','1','106'),
('225','9','1502851764','1','1','106'),
('226','Q','1502851770','2','1','106'),
('227','K','1502851774','3','1','106'),
('228','A','1502851778','2','1','106'),
('229','8,8,8','1502851785','2','1','106'),
('230','5','1502851792','2','1','106'),
('231','6','1502851798','3','1','106'),
('232','9','1502851802','4','1','106'),
('233','K','1502851805','1','1','106'),
('234','A','1502851807','2','1','106'),
('235','J,J','1502851814','2','1','106'),
('236','Q,Q','1502851817','4','1','106'),
('237','10,10','1502851823','4','1','106'),
('238','J','1502851856','4','2','106'),
('239','A','1502851861','2','2','106'),
('240','5,5','1502851867','2','2','106'),
('241','K,K','1502851872','3','2','106'),
('242','4,5,6,7,8,9','1502851879','3','2','106'),
('243','A','1502851885','3','2','106'),
('244','K','1502851891','3','2','106'),
('245','A,A','1502852006','1','3','106'),
('246','4','1502852012','1','3','106'),
('247','5','1502852015','2','3','106'),
('248','8','1502852022','3','3','106'),
('249','K','1502852027','4','3','106'),
('250','9,10,J,Q,K','1502852037','4','3','106'),
('251','4','1502852042','4','3','106'),
('252','7','1502852045','1','3','106'),
('253','9','1502852049','2','3','106'),
('254','10','1502852052','3','3','106'),
('255','A','1502852054','4','3','106'),
('256','6,6','1502852060','4','3','106'),
('257','8,8','1502853689','2','1','109'),
('258','Q,Q','1502853692','1','1','109'),
('259','A,A','1502853696','4','1','109'),
('260','4,5,6,7','1502853702','4','1','109'),
('261','6','1502853709','4','1','109'),
('262','6','1502853710','4','1','109'),
('263','6','1502853716','4','1','109'),
('264','9','1502853751','3','1','109'),
('265','Q','1502853755','2','1','109'),
('266','K','1502853760','4','1','109'),
('267','A','1502853763','3','1','109'),
('268','8,8','1502853768','3','1','109'),
('269','J,J','1502853771','2','1','109'),
('270','K,K','1502853776','3','1','109'),
('271','10,10','1502853781','3','1','109'),
('272','5','1502853787','3','1','109'),
('273','9','1502853791','2','1','109'),
('274','J','1502853797','1','1','109'),
('275','K','1502853801','3','1','109'),
('276','K,K','1502853922','2','1','110'),
('277','A,A','1502853927','1','1','110'),
('278','Q,K,A','1502853934','1','1','110'),
('279','5,5','1502853939','1','1','110'),
('280','10,10','1502853945','3','1','110'),
('281','6,7,8,9','1502853950','3','1','110'),
('282','8,9,10,J','1502853956','2','1','110'),
('283','4,4','1502853962','2','1','110'),
('284','9,9','1502853969','4','1','110'),
('285','4,5,6','1502853974','4','1','110'),
('286','J,Q,K','1502853978','3','1','110'),
('287','4','1502853984','3','1','110'),
('288','8,8','1502855680','3','1','111'),
('289','A,A','1502855683','4','1','111'),
('290','5,5','1502855689','4','1','111'),
('291','6,6','1502855694','2','1','111'),
('292','Q,Q','1502855700','1','1','111'),
('293','4','1502855707','1','1','111'),
('294','10','1502855715','3','1','111'),
('295','J','1502855718','4','1','111'),
('296','Q','1502855722','2','1','111'),
('297','A','1502855725','1','1','111'),
('298','5','1502855731','1','1','111'),
('299','K','1502855736','3','1','111'),
('300','4,5,6','1502855743','3','1','111'),
('301','9,10,J','1502855748','3','1','120'),
('302','6,7,8,9','1502855944','2','1','120'),
('303','4','1502855950','2','1','120'),
('304','8','1502855957','1','1','121'),
('305','K','1502855964','3','1','121'),
('306','A','1502855971','2','1','121'),
('307','8','1502855977','2','1','121'),
('308','A','1502855982','1','1','121'),
('309','5,6,7,8','1502855988','1','1','121'),
('310','10,10','1502855994','1','1','121'),
('311','Q,Q','1502856000','3','1','121'),
('312','4','1502856007','3','1','121'),
('313','K','1502856011','4','1','121'),
('314','A','1502856016','3','1','121'),
('315','6','1502856023','3','1','121'),
('316','J','1502856032','4','1','121'),
('317','K','1502856039','2','1','121'),
('318','A','1502856044','3','1','121'),
('319','7','1502856050','3','1','121'),
('320','J','1502856053','4','1','121'),
('321','Q','1502856056','2','1','121'),
('322','K','1502856058','1','1','121'),
('323','J','1502856064','1','1','121'),
('324','8,9,10','1502856123','3','1','122'),
('325','10,J,Q','1502856129','1','1','122'),
('326','Q,K,A','1502856132','2','1','122'),
('327','6,6','1502856138','2','1','122'),
('328','K,K','1502856141','4','1','122'),
('329','9,10,J','1502856149','4','1','122'),
('330','5,5','1502856154','4','1','122'),
('331','6,6','1502856159','3','1','122'),
('332','8,8','1502856163','1','1','122'),
('333','Q,Q','1502856165','2','1','122'),
('334','4','1502856171','2','1','122'),
('335','7','1502856173','4','1','122'),
('336','10','1502856177','3','1','122'),
('337','A','1502856179','1','1','122'),
('338','7,7,7','1502856184','1','1','122'),
('339','9','1502856189','1','1','122'),
('340','5,6,7,8,9,10','1502856274','3','1','123'),
('341','7','1502856285','3','1','123'),
('342','8','1502856289','1','1','123'),
('343','10','1502856291','2','1','123'),
('344','K','1502856293','4','1','123'),
('345','A','1502856295','3','1','123'),
('346','A','1502856301','3','1','123'),
('347','K','1502856307','3','1','123'),
('348','K','1502879275','2','1','125'),
('349','A','1502879280','4','1','125'),
('350','4,4','1502879286','4','1','125'),
('351','A,A','1502879293','1','1','125'),
('352','6,7,8','1502879299','1','1','125'),
('353','J,Q,K','1502879304','3','1','125'),
('354','9,9,9','1502879312','3','1','125'),
('355','10,10,10','1502879316','1','1','125'),
('356','J','1502879322','1','1','125'),
('357','Q','1502879326','3','1','125'),
('358','K','1502879330','4','1','125'),
('359','A','1502879333','3','1','125'),
('360','5','1502879340','3','1','125'),
('361','J','1502879346','2','1','125'),
('362','K','1502879350','4','1','125'),
('363','5','1502879355','4','1','125'),
('364','Q','1502879358','1','1','125'),
('365','7,7,7','1502879790','3','1','126'),
('366','A,A,A','1502879797','4','1','126'),
('367','6,6,6','1502879803','4','1','126'),
('368','K,K,K','1502879807','3','1','126'),
('369','5','1502879812','3','1','126'),
('370','K','1502879816','2','1','126'),
('371','J,J,Q,Q','1502879827','2','1','126'),
('372','10','1502879843','2','1','126'),
('373','Q','1502879845','4','1','126'),
('374','4','1502879851','4','1','126'),
('375','Q','1502879861','1','1','126'),
('376','8,8,9,9,10,10','1502879871','1','1','126'),
('377','5,5','1502879882','1','1','126'),
('378','J','1502879888','1','1','126'),
('379','6,6,6','1502880046','2','1','128'),
('380','7,7,7','1502880051','4','1','128'),
('381','10,10,10','1502880059','3','1','128'),
('382','4','1502880065','3','1','128'),
('383','A','1502880075','2','1','128'),
('384','8,9,10','1502880089','2','1','128'),
('385','J,Q,K','1502880114','1','1','128'),
('386','5,5','1502880122','1','1','128'),
('387','J,J','1502880126','3','1','128'),
('388','Q,Q','1502880129','2','1','128'),
('389','9','1502880135','2','1','128'),
('390','5','1502888562','4','1','131'),
('391','A','1502888568','1','1','131'),
('392','7,7,8,8','1502888574','1','1','131'),
('393','J,J,Q,Q','1502888582','3','1','131'),
('394','6,6','1502888591','3','1','131'),
('395','9,9','1502888620','4','1','131'),
('396','10,10','1502888622','1','1','131'),
('397','K,K','1502888628','2','1','131'),
('398','5,6,7,8,9,10,J','1502888639','2','1','131'),
('399','6','1502888646','2','1','131'),
('400','5,5,6,6,7,7','1502931797','2','1','132'),
('401','10,10,10','1502931819','2','1','132'),
('402','J','1502931827','2','1','132'),
('403','4,5,6,7,8,9','1502932110','3','1','133'),
('404','7','1502932119','3','1','133'),
('405','Q','1502932136','1','1','133'),
('406','A','1502932143','4','1','133'),
('407','4','1502932151','4','1','133'),
('408','9','1502932154','3','1','133'),
('409','K','1502932164','1','1','133'),
('410','K','1502932164','1','1','133'),
('411','Q','1502932183','2','1','133'),
('412','K','1502932186','4','1','133'),
('413','A','1502932188','3','1','133'),
('414','K','1502932198','3','1','133'),
('415','4,5,6,7,8,9','1502932562','1','1','134'),
('416','8','1502932584','1','1','134'),
('417','9','1502932598','2','1','134'),
('418','K','1502932602','4','1','134'),
('419','A','1502932604','3','1','134'),
('420','5','1502932610','3','1','134'),
('421','9','1502932618','1','1','134'),
('422','J','1502932638','2','1','134'),
('423','Q','1502932642','4','1','134'),
('424','K','1502932644','3','1','134'),
('425','A','1502932655','1','1','134'),
('426','J','1502932662','1','1','134'),
('427','8,9,10,J,Q','1502933147','1','2','134'),
('428','A','1502933159','1','2','134'),
('429','6,6','1502933173','1','2','134'),
('430','7,7','1502933194','2','2','134'),
('431','A,A','1502933198','4','2','134'),
('432','7,8,9,10','1502933204','4','2','134'),
('433','5','1502933210','4','2','134'),
('434','6','1502933213','3','2','134'),
('435','8','1502933217','1','2','134'),
('436','A','1502933272','2','2','134'),
('437','4,5,6','1502933301','2','2','134'),
('438','10,10','1502933310','2','2','134'),
('439','J,J','1502933316','3','2','134'),
('440','5,5','1502933379','3','2','134'),
('441','4','1502933385','3','2','134'),
('442','J','1502933390','2','2','134'),
('443','Q','1502933393','4','2','134'),
('444','K','1502933395','3','2','134'),
('445','K,K','1502933401','3','2','134'),
('446','9','1502933407','3','2','134'),
('447','8','1502935342','2','1','136'),
('448','9','1502935347','4','1','136'),
('449','10','1502935355','3','1','136'),
('450','J','1502935370','1','1','136'),
('451','K','1502935380','2','1','136'),
('452','A','1502935387','3','1','136'),
('453','9,10,J,Q','1502935403','3','1','136'),
('454','4,4','1502935412','3','1','136'),
('455','6,6','1502935428','1','1','136'),
('456','Q,Q','1502935456','2','1','136'),
('457','K,K','1502935468','1','1','136'),
('458','A','1502935480','1','1','136'),
('459','5','1502935488','1','1','136'),
('460','K','1502935505','2','1','136'),
('461','A','1502935515','1','1','136'),
('462','10','1502935530','1','1','136'),
('463','J','1502935538','2','1','136'),
('464','Q','1502935542','4','1','136'),
('465','7,8,9,10,J','1502935553','4','1','136'),
('466','8,8','1502935559','4','1','136'),
('467','4','1502935565','4','1','136'),
('468','Q,Q','1502935579','3','2','136'),
('469','A,A','1502935587','1','2','136'),
('470','5,6,7,8,9','1502935598','1','2','136'),
('471','10,J,Q,K,A','1502935610','2','2','136'),
('472','K,K','1502935631','2','2','136'),
('473','10','1502935640','2','2','136'),
('474','Q','1502935644','4','2','136'),
('475','A','1502935649','3','2','136'),
('476','4,4','1502935667','3','2','136'),
('477','8,8','1502935676','4','2','136'),
('478','10,10','1502935682','3','2','136'),
('479','J,J','1502935693','4','2','136'),
('480','4,5,6','1502935705','4','2','136'),
('481','K','1502935711','4','2','136'),
('482','9','1502935718','4','2','136'),
('483','4,5,6,7,8,9,10','1502936349','4','1','137'),
('484','5','1502936365','4','1','137'),
('485','K','1502936407','1','1','137'),
('486','A','1502936410','3','1','137'),
('487','4','1502936416','3','1','137'),
('488','7','1502936435','2','1','137'),
('489','10','1502936438','4','1','137'),
('490','J','1502936444','1','1','137'),
('491','K','1502936446','3','1','137'),
('492','A','1502936452','2','1','137'),
('493','9,9','1502936462','2','1','137'),
('494','10,10','1502936477','1','1','137'),
('495','Q,Q','1502936479','3','1','137'),
('496','A,A','1502936499','2','1','137'),
('497','4','1502936507','2','1','137'),
('498','7','1502936510','4','1','137'),
('499','8,9,10,J','1502936532','1','2','137'),
('500','9,10,J,Q','1502936541','4','2','137'),
('501','8','1502936547','4','2','137'),
('502','J','1502936558','1','2','137'),
('503','Q','1502936561','3','2','137'),
('504','A','1502936583','2','2','137'),
('505','5,6,7,8,9,10','1502936594','2','2','137'),
('506','6,6','1502936603','2','2','137'),
('507','A,A','1502936606','4','2','137'),
('508','4,5,6','1502936612','4','2','137'),
('509','5,5','1502936665','1','4','137'),
('510','A,A','1502936670','3','4','137'),
('511','10,10,J,J','1502936676','3','4','137'),
('512','Q,Q,K,K','1502936686','1','4','137'),
('513','7,7','1502936695','1','4','137'),
('514','A,A','1502936702','4','4','137'),
('515','10,J,Q,K','1502936707','4','4','137'),
('516','6','1502936713','4','4','137'),
('517','9','1502936720','1','4','137'),
('518','K','1502936723','3','4','137'),
('519','4,4','1502936730','3','4','137'),
('520','7,7','1502936742','2','4','137'),
('521','4','1502936754','2','4','137'),
('522','5','1502936757','4','4','137'),
('523','J','1502936760','1','4','137'),
('524','Q,Q','1502936770','3','5','137'),
('525','K,K','1502936776','4','5','137'),
('526','A,A','1502936780','3','5','137'),
('527','4,5,6,7','1502936785','3','5','137'),
('528','7,8,9,10','1502936797','1','5','137'),
('529','9,9','1502936820','1','5','137'),
('530','10,10','1502936830','2','5','137'),
('531','Q','1502936849','2','5','137'),
('532','A','1502936860','1','5','137'),
('533','Q','1502936868','1','5','137'),
('534','A','1502936871','4','5','137'),
('535','5,5,6,6','1502936877','4','5','137'),
('536','8,8','1502936882','4','5','137'),
('537','J','1502936889','4','5','137'),
('538','4,5,6','1502938728','3','1','138'),
('539','Q,K,A','1502938741','1','1','138'),
('540','8,8','1502938754','1','1','138'),
('541','9,9','1502938761','4','1','138'),
('542','J,J','1502938766','3','1','138'),
('543','Q,K,A','1502938774','3','1','138'),
('544','A','1502938780','3','1','138'),
('545','9','1502938786','3','1','138'),
('546','7,7,7','1502949455','3','1','140'),
('547','10,10,10','1502949466','4','1','140'),
('548','4','1502949476','4','1','140'),
('549','9','1502949485','1','1','140'),
('550','A','1502949498','2','1','140'),
('551','6,7,8,9,10','1502949514','2','1','140'),
('552','K','1502949522','2','1','140'),
('553','A','1502949526','4','1','140'),
('554','6,6','1502949532','4','1','140'),
('555','Q,Q','1502949540','1','1','140'),
('556','K,K','1502949547','1','1','140'),
('557','A,A','1502949554','1','1','140'),
('558','4,5,6','1502949560','1','1','140'),
('559','7,7,8,8,9,9','1502949640','1','2','140'),
('560','A','1502949650','1','2','140'),
('561','J','1502949678','1','2','140'),
('562','K','1502949691','2','2','140'),
('563','A','1502949699','3','2','140'),
('564','A','1502949713','3','2','140'),
('565','4,5,6','1502949727','3','2','140'),
('566','9,10,J','1502949752','2','2','140'),
('567','Q,Q,Q','1502949763','2','2','140'),
('568','9','1502949778','2','2','140'),
('569','10','1502949787','3','2','140'),
('570','J','1502949796','4','2','140'),
('571','Q','1502949807','3','2','140'),
('572','A','1502949820','4','2','140'),
('573','K,K','1502949833','4','2','140'),
('574','J','1502949843','4','2','140'),
('575','K','1502949850','3','2','140'),
('576','6','1502949857','3','2','140'),
('577','10','1502949861','4','2','140'),
('578','8','1502949867','4','2','140'),
('579','7','1502949875','4','2','140'),
('580','5','1502949881','4','2','140'),
('581','7','1502949890','2','2','140'),
('582','6','1502949898','2','2','140'),
('583','4,5,6,7,8,9,10,J,Q','1502951740','1','1','144'),
('584','5','1502951749','1','1','144'),
('585','4,4,4','1502964100','2','1','145'),
('586','10,10,10','1502964108','3','1','145'),
('587','8,8,9,9','1502964198','3','1','145'),
('588','Q,Q,K,K','1502964211','1','1','145'),
('589','6,6,7,7','1502964230','1','1','145'),
('590','5','1502964239','1','1','145'),
('591','8','1502964261','2','1','145'),
('592','J','1502964266','3','1','145'),
('593','Q','1502964275','4','1','145'),
('594','A','1502964282','2','1','145'),
('595','5','1502964291','2','1','145'),
('596','J','1502964331','3','1','145'),
('597','A','1502964338','4','1','145'),
('598','6,6,7,7','1502964345','4','1','145'),
('599','A','1502964370','4','1','145'),
('600','J','1502964383','4','1','145'),
('601','K','1502964392','2','1','145'),
('602','Q','1502964399','2','1','145'),
('603','J','1502964406','2','1','145'),
('604','9','1502964415','2','1','145'),
('605','4,5,6,7,8','1502964462','3','2','145'),
('606','6,7,8,9,10','1502964483','2','2','145'),
('607','4,5,6','1502964513','2','2','145'),
('608','Q,K,A','1502964520','4','2','145'),
('609','A','1502964573','4','2','145'),
('610','10,10','1502964586','4','2','145'),
('611','K,K','1502964592','1','2','145'),
('612','A,A','1502964597','3','2','145'),
('613','5','1502964606','3','2','145'),
('614','J','1502964612','2','2','145'),
('615','Q','1502964627','1','2','145'),
('616','K','1502964636','3','2','145'),
('617','10','1502964670','3','2','145'),
('618','A','1502964864','4','3','145'),
('619','4,4','1502964878','4','3','145'),
('620','5,5','1502964886','2','3','145'),
('621','A,A','1502964893','3','3','145'),
('622','Q,Q,K,K','1502964905','3','3','145'),
('623','4','1502964914','3','3','145'),
('624','9','1502964920','1','3','145'),
('625','Q','1502964925','4','3','145'),
('626','A','1502964929','2','3','145'),
('627','10,10','1502964943','2','3','145'),
('628','J,J','1502964954','1','3','145'),
('629','4,5,6','1502964968','1','3','145'),
('630','8,9,10','1502964974','4','3','145'),
('631','5','1502964984','4','3','145'),
('632','8','1502964990','2','3','145'),
('633','9','1502964994','3','3','145'),
('634','10','1502965002','1','3','145'),
('635','J','1502965009','2','3','145'),
('636','K','1502965015','1','3','145'),
('637','7','1502965024','1','3','145'),
('638','8','1502965033','4','3','145'),
('639','K','1502965040','2','3','145'),
('640','7,7','1502965050','2','3','145'),
('641','Q,K,A','1502965280','3','4','145'),
('642','4,4,5,5','1502965292','3','4','145'),
('643','10,10,J,J','1502965330','4','4','145'),
('644','4,5,6,7','1502965343','4','4','145'),
('645','7,8,9,10','1502965354','1','4','145'),
('646','J,Q,K,A','1502965367','2','4','145'),
('647','5,6,7,8,9','1502965380','2','4','145'),
('648','6','1502965390','2','4','145'),
('649','4,5,6,7','1502965430','2','5','145'),
('650','6,7,8,9','1502965437','3','5','145'),
('651','10,J,Q,K','1502965447','1','5','145'),
('652','A','1502965464','1','5','145'),
('653','10','1502965475','1','5','145'),
('654','Q','1502965480','4','5','145'),
('655','K','1502965506','2','5','145'),
('656','A','1502965510','3','5','145'),
('657','8,9,10','1502965518','3','5','145'),
('658','K,K','1502965527','3','5','145'),
('659','8,9,10,J,Q','1502965541','3','6','145'),
('660','4,4','1502965551','3','6','145'),
('661','7,7','1502965559','1','6','145'),
('662','K,K','1502965564','4','6','145'),
('663','A,A','1502965568','3','6','145'),
('664','6','1502965577','3','6','145'),
('665','5,5','1502965665','4','9','145'),
('666','8,8','1502965677','2','9','145'),
('667','J,J','1502965686','1','9','145'),
('668','K,K','1502965691','4','9','145'),
('669','4','1502965701','4','9','145'),
('670','6','1502965739','2','9','145'),
('671','K','1502965746','3','9','145'),
('672','A','1502965751','4','9','145'),
('673','A','1502965760','4','9','145'),
('674','7','1502965774','4','9','145'),
('675','9','1502965784','2','9','145'),
('676','Q','1502965792','3','9','145'),
('677','A','1502965814','2','9','145'),
('678','Q,Q','1502965831','2','9','145'),
('679','10','1502965906','2','9','145'),
('680','J','1502965911','3','9','145'),
('681','Q','1502965917','4','9','145'),
('682','10','1502965926','4','9','145'),
('683','K','1502965961','1','10','145'),
('684','A','1502965969','2','10','145'),
('685','10,J,Q,K','1502965979','2','10','145'),
('686','6,7,8','1502965991','2','10','145'),
('687','J,Q,K','1502965999','4','10','145'),
('688','7,8,9','1502966008','4','10','145'),
('689','8,9,10','1502966014','1','10','145'),
('690','A','1502966026','1','10','145'),
('691','4,5,6','1502966037','1','10','145'),
('692','J','1502966049','1','10','145'),
('693','Q','1502966055','2','10','145'),
('694','A','1502966059','3','10','145'),
('695','4','1502966067','3','10','145'),
('696','5','1502966070','4','10','145'),
('697','6','1502966073','1','10','145'),
('698','A','1503040720','3','1','149'),
('699','7,7,7,7','1503040728','1','1','149'),
('700','5','1503040741','1','1','149'),
('701','8','1503040747','2','1','149'),
('702','10','1503040752','3','1','149'),
('703','J','1503040759','4','1','149'),
('704','Q','1503040763','1','1','149'),
('705','K','1503040769','2','1','149'),
('706','A','1503040772','3','1','149'),
('707','6,6,6','1503040781','3','1','149'),
('708','9,9','1503040792','3','1','149'),
('709','10,10','1503040799','4','1','149'),
('710','J,J','1503040806','2','1','149'),
('711','4','1503040815','2','1','149'),
('712','K','1503040820','3','1','149'),
('713','A','1503040824','4','1','149'),
('714','4,5,6','1503040833','4','1','149'),
('715','Q,K,A','1503040843','2','1','149'),
('716','5','1503040855','2','1','149'),
('717','Q','1503040863','4','1','149'),
('718','K','1503040875','4','1','149'),
('719','5','1503040884','4','1','149'),
('720','5,5','1503041487','2','1','151'),
('721','9,9','1503041493','4','1','151'),
('722','J,J','1503041498','1','1','151'),
('723','8,8,8,8','1503041511','3','1','151'),
('724','6,6,6','1503041526','3','1','151'),
('725','Q','1503041537','3','1','151'),
('726','A','1503041545','2','1','151'),
('727','9,10,J,Q','1503041558','2','1','151'),
('728','10,J,Q,K','1503041583','4','1','151'),
('729','K','1503041595','4','1','151'),
('730','A','1503041603','1','1','151'),
('731','7,7','1503041620','1','1','151'),
('732','K,K','1503041634','1','1','151'),
('733','A','1503041644','1','1','151'),
('734','10','1503041655','1','1','151'),
('735','A','1503041663','2','1','151'),
('736','7,7','1503041672','2','1','151'),
('737','Q,Q,Q','1503041729','2','2','151'),
('738','A,A,A','1503041743','1','2','151'),
('739','J,J','1503041761','1','2','151'),
('740','K,K','1503041771','4','2','151'),
('741','6,6,7,7','1503041789','4','2','151'),
('742','9,9,10,10','1503041809','3','2','151'),
('743','5,6,7','1503041829','3','2','151'),
('744','K','1503041843','3','2','151'),
('745','A','1503041853','4','2','151'),
('746','Q','1503041867','4','2','151'),
('747','K','1503041879','1','2','151'),
('748','8,8','1503041892','1','2','151'),
('749','6','1503041907','1','2','151'),
('750','J','1503041912','3','2','151'),
('751','9','1503041922','3','2','151'),
('752','5,5,5','1503042617','1','1','152'),
('753','K,K,K','1503042630','2','1','152'),
('754','9,10,J','1503042645','2','1','152'),
('755','10,J,Q','1503042668','3','1','152'),
('756','J,Q,K','1503042684','4','1','152'),
('757','5','1503042696','4','1','152'),
('758','7','1503042706','2','1','152'),
('759','8','1503042712','3','1','152'),
('760','9','1503042723','1','1','152'),
('761','Q','1503042735','4','1','152'),
('762','A','1503042738','2','1','152'),
('763','7','1503042749','2','1','152'),
('764','9','1503042759','3','1','152'),
('765','Q','1503042784','1','1','152'),
('766','A','1503042798','4','1','152'),
('767','A','1503042808','4','1','152'),
('768','8,8','1503042819','4','1','152'),
('769','10,10','1503042947','1','1','152'),
('770','A','1503042965','1','1','152'),
('771','7','1503043006','1','1','152'),
('772','J','1503043028','3','1','152'),
('773','6,7,8,9','1503043039','3','1','152'),
('774','J,Q,K','1503043064','3','2','152'),
('775','5','1503043079','3','2','152'),
('776','6','1503043085','1','2','152'),
('777','A','1503043090','4','2','152'),
('778','10,10,J,J','1503043100','4','2','152'),
('779','5','1503043111','4','2','152'),
('780','Q','1503043127','2','2','152'),
('781','A','1503043135','3','2','152'),
('782','6','1503043146','3','2','152'),
('783','Q','1503043156','1','2','152'),
('784','K','1503043159','4','2','152'),
('785','A','1503043174','3','2','152'),
('786','9','1503043188','3','2','152'),
('787','J','1503043193','1','2','152'),
('788','K','1503043211','2','2','152'),
('789','A','1503043215','3','2','152'),
('790','Q','1503043224','3','2','152'),
('791','6,7,8','1503043244','3','3','152'),
('792','8,9,10','1503043259','4','3','152'),
('793','10,J,Q','1503043277','2','3','152'),
('794','10,J,Q,K,A','1503043295','2','3','152'),
('795','5','1503043308','2','3','152'),
('796','A','1503043312','3','3','152'),
('797','Q,Q','1503043322','3','3','152'),
('798','K,K','1503043329','4','3','152'),
('799','6,6','1503043338','4','3','152'),
('800','9,9','1503043346','1','3','152'),
('801','A,A','1503043352','4','3','152'),
('802','J','1503043361','4','3','152'),
('803','5,6,7,8','1503043376','4','4','152'),
('804','9,10,J,Q','1503043391','2','4','152'),
('805','A,A,A,A','1503043398','4','4','152'),
('806','J','1503043408','4','4','152'),
('807','K','1503043416','2','4','152'),
('808','10,J,Q,K','1503043428','2','4','152'),
('809','Q','1503043438','2','4','152'),
('810','K,K,A,A','1503043466','2','5','152'),
('811','J,J,J','1503043479','2','5','152'),
('812','9','1503043491','2','5','152'),
('813','K','1503043496','1','5','152'),
('814','A','1503043519','3','5','152'),
('815','5','1503043533','3','5','152'),
('816','A','1503043539','4','5','152'),
('817','5,5,6,6','1503043548','4','5','152'),
('818','9,9','1503043557','4','5','152'),
('819','10,10','1503043567','1','5','152'),
('820','Q,Q','1503043572','4','5','152'),
('821','K','1503043581','4','5','152'),
('822','6,7,8,9,10,J,Q','1503043604','4','6','152'),
('823','A,A','1503043613','4','6','152'),
('824','Q','1503043622','4','6','152'),
('825','5','1503043635','4','7','152'),
('826','J','1503043643','2','7','152'),
('827','A','1503043651','1','7','152'),
('828','5,6,7,8,9','1503043663','1','7','152'),
('829','7,8,9,10,J','1503043692','2','7','152'),
('830','10,10','1503043706','2','7','152'),
('831','Q,Q','1503043711','1','7','152'),
('832','K,K','1503043717','4','7','152'),
('833','9,10,J','1503043726','4','7','152'),
('834','9','1503043736','4','7','152'),
('835','K','1503043745','2','7','152'),
('836','A','1503043748','1','7','152'),
('837','K','1503043757','1','7','152'),
('838','8,8,9,9','1503043774','1','8','152'),
('839','10,10,J,J','1503043784','3','8','152'),
('840','Q,Q,K,K','1503043787','4','8','152'),
('841','A,A,A','1503043796','4','8','152'),
('842','6,7,8','1503043808','4','8','152'),
('843','5','1503043819','4','9','152'),
('844','7','1503043824','2','9','152'),
('845','10','1503043830','1','9','152'),
('846','Q','1503043835','3','9','152'),
('847','K','1503043839','4','9','152'),
('848','A','1503043843','2','9','152'),
('849','5,5','1503043855','2','9','152'),
('850','7,7','1503043881','1','9','152'),
('851','9,9','1503043888','3','9','152'),
('852','J,J','1503043895','4','9','152'),
('853','K,K','1503043903','2','9','152'),
('854','A,A','1503043915','4','9','152'),
('855','6,6','1503043924','4','9','152'),
('856','8,8','1503043946','2','9','152'),
('857','J,J','1503043988','1','9','152'),
('858','Q,Q','1503044011','1','9','152'),
('859','A','1503044026','1','9','152'),
('860','5','1503044035','1','9','152'),
('861','Q','1503044041','3','9','152'),
('862','K','1503044048','1','9','152'),
('863','7,7','1503044067','1','10','152'),
('864','10,10','1503044074','4','10','152'),
('865','A,A','1503044078','2','10','152'),
('866','6,7,8,9,10,J,Q','1503044087','2','10','152'),
('867','10','1503044096','2','10','152'),
('868','4,5,6,7,8,9','1503044954','2','1','154'),
('869','8,9,10,J,Q,K','1503044965','4','1','154'),
('870','9','1503044973','4','1','154'),
('871','J','1503044978','2','1','154'),
('872','Q','1503044983','1','1','154'),
('873','A','1503044985','4','1','154'),
('874','A','1503044994','4','1','154'),
('875','Q','1503045003','4','1','154'),
('876','J,Q,K,A','1503045161','4','2','154'),
('877','4,5,6,7','1503045170','4','2','154'),
('878','7,8,9,10','1503045180','3','2','154'),
('879','9,10,J,Q','1503045190','2','2','154'),
('880','4,4','1503045202','2','2','154'),
('881','5,5','1503045205','1','2','154'),
('882','K,K','1503045210','3','2','154'),
('883','Q,Q','1503045219','3','2','154'),
('884','8,8','1503045227','3','2','154'),
('885','5','1503045424','2','1','155'),
('886','6','1503045464','4','1','155'),
('887','8','1503045475','3','1','155'),
('888','10','1503045481','1','1','155'),
('889','A','1503045488','2','1','155'),
('890','6','1503045497','2','1','155'),
('891','8','1503045503','4','1','155'),
('892','A','1503045510','3','1','155'),
('893','7,8,9','1503045519','3','1','155'),
('894','Q,K,A','1503045526','1','1','155'),
('895','6,7,8','1503045534','1','1','155'),
('896','9,10,J','1503045538','2','1','155'),
('897','Q,Q,Q','1503045548','2','1','155'),
('898','10','1503045556','2','1','155'),
('899','6,7,8,9,10,J,Q','1503045651','2','2','155'),
('900','7','1503045663','2','2','155'),
('901','8','1503045667','3','2','155'),
('902','10','1503045671','1','2','155'),
('903','Q','1503045674','4','2','155'),
('904','A','1503045676','2','2','155'),
('905','9','1503045685','2','2','155'),
('906','5,6,7','1503045746','2','1','156'),
('907','9,10,J','1503045753','4','1','156'),
('908','Q,K,A','1503045780','1','1','156'),
('909','5,5,6,6','1503045795','1','1','156'),
('910','7,7,8,8','1503045800','4','1','156'),
('911','J,J,Q,Q','1503045808','3','1','156'),
('912','5,6,7,8,9','1503045817','3','1','156'),
('913','9','1503045825','3','1','156'),
('914','9,10,J,Q','1503045887','3','2','156'),
('915','8,8,8,8','1503045903','2','2','156'),
('916','J,J','1503045919','2','2','156'),
('917','A,A','1503045924','3','2','156'),
('918','J,Q,K','1503045933','3','2','156'),
('919','5','1503045942','3','2','156'),
('920','9,9,10,10,J,J','1503046141','3','3','156'),
('921','5,6,7','1503046153','3','3','156'),
('922','9,10,J','1503046163','1','3','156'),
('923','Q,K,A','1503046167','4','3','156'),
('924','5','1503046176','4','3','156'),
('925','7','1503046179','3','3','156'),
('926','5,6,7','1503046524','3','4','156'),
('927','9,10,J','1503046533','2','4','156'),
('928','J,Q,K','1503046539','1','4','156'),
('929','5,6,7,8,9','1503046548','1','4','156'),
('930','A','1503046560','1','4','156'),
('931','5','1503046568','1','4','156'),
('932','J,J,Q,Q,K,K','1503046897','1','5','156'),
('933','5','1503046906','1','5','156'),
('934','9','1503046911','4','5','156'),
('935','10','1503046918','2','5','156'),
('936','J','1503046921','3','5','156'),
('937','K','1503046924','1','5','156'),
('938','A','1503046927','4','5','156'),
('939','7,7,7,8,8,8','1503046937','4','5','156'),
('940','A','1503046947','4','5','156'),
('941','5','1503046960','4','5','156'),
('942','7,8,9,10','1503047224','4','6','156'),
('943','10,J,Q,K','1503047236','2','6','156'),
('944','5','1503047245','2','6','156'),
('945','K','1503047249','3','6','156'),
('946','A','1503047251','4','6','156'),
('947','6,6,6','1503047260','4','6','156'),
('948','A,A,A','1503047267','3','6','156'),
('949','9,10,J','1503047275','3','6','156'),
('950','J,Q,K','1503047281','1','6','156'),
('951','7,7,8,8','1503047290','1','6','156'),
('952','5','1503047298','1','6','156'),
('953','6','1503047303','2','6','156'),
('954','7','1503047307','3','6','156'),
('955','8','1503047310','4','6','156'),
('956','J','1503047314','1','6','156'),
('957','K','1503047317','2','6','156'),
('958','9,9','1503047327','2','6','156'),
('959','10','1503047337','2','6','156'),
('960','5','1503295558','4','1','158'),
('961','6','1503295565','2','1','158'),
('962','Q','1503295577','1','1','158'),
('963','A','1503295581','3','1','158'),
('964','5,6,7,8','1503295590','3','1','158'),
('965','8,9,10,J','1503295601','4','1','158'),
('966','6','1503295610','4','1','158'),
('967','9','1503295618','2','1','158'),
('968','J','1503295622','1','1','158'),
('969','Q','1503295626','3','1','158'),
('970','K','1503295629','4','1','158'),
('971','A','1503295633','2','1','158'),
('972','5','1503295643','2','1','158'),
('973','9','1503295652','1','1','158'),
('974','Q','1503295657','3','1','158'),
('975','A','1503295660','4','1','158'),
('976','A','1503295669','4','1','158'),
('977','8','1503295678','4','1','158'),
('978','5,5,5','1503295710','3','2','158'),
('979','J,J,J','1503295718','4','2','158'),
('980','6','1503295726','4','2','158'),
('981','7','1503295732','1','2','158'),
('982','A','1503295737','3','2','158'),
('983','A','1503295747','3','2','158'),
('984','8,9,10','1503295756','3','2','158'),
('985','10,J,Q','1503295770','1','2','158'),
('986','6','1503295780','1','2','158'),
('987','Q','1503295783','3','2','158'),
('988','A','1503295790','2','2','158'),
('989','5','1503295802','2','2','158'),
('990','7','1503295806','4','2','158'),
('991','A','1503296374','1','2','158'),
('992','10','1503296386','1','2','158'),
('993','Q','1503296393','3','2','158'),
('994','5,6,7,8','1503296418','3','3','158'),
('995','6,7,8,9','1503296430','4','3','158'),
('996','J,J,J','1503296507','4','3','158'),
('997','K,K,K','1503296515','1','3','158'),
('998','6','1503296524','1','3','158'),
('999','10','1503296531','2','3','158'),
('1000','A','1503296534','4','3','158'),
('1001','9,9','1503296542','4','3','158'),
('1002','5,5','1503296596','3','4','158'),
('1003','K,K','1503296607','2','4','158'),
('1004','A,A','1503296611','1','4','158'),
('1005','6,7,8,9,10,J','1503296620','1','4','158'),
('1006','8','1503296629','1','4','158'),
('1007','Q','1503296639','4','4','158'),
('1008','A','1503296642','3','4','158'),
('1009','8,9,10','1503296651','3','4','158'),
('1010','J,J,J','1503296660','3','4','158'),
('1011','Q,Q,Q','1503296665','2','4','158'),
('1012','5,5,6,6','1503296675','2','4','158'),
('1013','10','1503296684','2','4','158'),
('1014','5,5,5','1503296759','3','5','158'),
('1015','8,8,8,8','1503296767','2','5','158'),
('1016','5,6,7','1503296802','2','5','158'),
('1017','9,10,J','1503296819','4','5','158'),
('1018','6','1503296831','4','5','158'),
('1019','7','1503296836','3','5','158'),
('1020','A','1503296839','2','5','158'),
('1021','A','1503296857','2','5','158'),
('1022','J','1503296879','2','5','158'),
('1023','5,5,6,6','1503297248','4','6','158'),
('1024','7,7,8,8','1503297257','2','6','158'),
('1025','K,K,A,A','1503297263','1','6','158'),
('1026','10,J,Q','1503297273','1','6','158'),
('1027','J,Q,K','1503297278','4','6','158'),
('1028','Q,K,A','1503297283','3','6','158'),
('1029','6,7,8,9,10,J','1503297292','3','6','158'),
('1030','9','1503297333','3','6','158'),
('1031','Q,Q','1503390379','2','1','248'),
('1032','K,K','1503390391','1','1','248'),
('1033','A,A','1503390429','4','1','248'),
('1034','8,9,10,J,Q','1503390437','4','1','248'),
('1035','4','1503390446','4','1','248'),
('1036','10','1503390457','2','1','248'),
('1037','Q','1503390461','1','1','248'),
('1038','A','1503390464','3','1','248'),
('1039','4,4,4','1503390472','3','1','248'),
('1040','9,10,J','1503390481','3','1','248'),
('1041','7,7','1503390489','3','1','248'),
('1042','K,K','1503390501','2','1','248'),
('1043','5,6,7,8','1503390511','2','1','248'),
('1044','A','1503390520','2','1','248'),
('1045','4,4','1503390554','1','2','248'),
('1046','10,10','1503390563','3','2','248'),
('1047','A,A','1503390569','4','2','248'),
('1048','4','1503390581','4','2','248'),
('1049','A','1503390591','2','2','248'),
('1050','J,Q,K','1503390602','2','2','248'),
('1051','Q,K,A','1503390611','3','2','248'),
('1052','7,8,9','1503390619','3','2','248'),
('1053','5','1503390628','3','2','248'),
('1054','7','1503390638','4','2','248'),
('1055','10','1503390647','2','2','248'),
('1056','Q','1503390666','1','2','248'),
('1057','K','1503390672','4','2','248'),
('1058','5,5','1503390681','4','2','248'),
('1059','6,6','1503390688','2','2','248'),
('1060','7,7','1503390696','1','2','248'),
('1061','9,9','1503390701','4','2','248'),
('1062','J,J','1503390708','1','2','248'),
('1063','8,8','1503390716','1','2','248'),
('1064','6','1503390726','1','2','248'),
('1065','5,6,7,8,9,10,J,Q,K','1503390747','1','3','248'),
('1066','6','1503390759','1','3','248'),
('1067','7,7,7','1503390774','4','4','248'),
('1068','A,A,A','1503390799','1','4','248'),
('1069','5,5,5','1503390808','1','4','248'),
('1070','6','1503390881','1','4','248'),
('1071','Q','1503390885','3','4','248'),
('1072','K','1503390893','2','4','248'),
('1073','A','1503390898','3','4','248'),
('1074','8,9,10','1503390908','3','4','248'),
('1075','10,J,Q','1503390913','4','4','248'),
('1076','4','1503390922','4','4','248'),
('1077','8','1503390931','2','4','248'),
('1078','10','1503390936','1','4','248'),
('1079','Q','1503390940','3','4','248'),
('1080','K','1503390946','1','4','248'),
('1081','Q','1503390956','1','4','248'),
('1082','10,J,Q,K','1503391017','3','5','248'),
('1083','J,Q,K,A','1503391077','1','5','248'),
('1084','8,9,10','1503391089','1','5','248'),
('1085','10,J,Q','1503391093','4','5','248'),
('1086','4,4','1503391102','4','5','248'),
('1087','7,7','1503391106','3','5','248'),
('1088','8,8','1503391113','2','5','248'),
('1089','9,9','1503391125','2','5','248'),
('1090','5,5','1503391137','2','5','248'),
('1091','6,6','1503391141','4','5','248'),
('1092','A,A','1503391147','2','5','248'),
('1093','K','1503391156','2','5','248'),
('1094','A','1503391162','4','5','248'),
('1095','K','1503391170','4','5','248'),
('1096','7','1503391179','4','5','248'),
('1097','A','1503391192','4','6','248'),
('1098','7,7,8,8','1503391201','4','6','248'),
('1099','J,J,Q,Q','1503391209','1','6','248'),
('1100','4','1503391221','1','6','248'),
('1101','5','1503391233','2','6','248'),
('1102','Q','1503391238','3','6','248'),
('1103','A','1503391242','4','6','248'),
('1104','5','1503391251','4','6','248'),
('1105','6','1503391257','1','6','248'),
('1106','7','1503391264','2','6','248'),
('1107','A','1503391269','3','6','248'),
('1108','8,9,10','1503391284','3','6','248'),
('1109','6,6','1503391292','3','6','248'),
('1110','K,K','1503391301','3','6','248'),
('1111','4','1503391311','3','6','248'),
('1112','A','1503391322','3','7','248'),
('1113','5,5','1503391330','3','7','248'),
('1114','8,8','1503391336','4','7','248'),
('1115','10,10','1503391340','2','7','248'),
('1116','Q,Q','1503391343','3','7','248'),
('1117','7,8,9','1503391352','3','7','248'),
('1118','9,10,J','1503391356','4','7','248'),
('1119','Q,K,A','1503391364','1','7','248'),
('1120','8,9,10,J','1503391373','1','7','248'),
('1121','4,5,6','1503391382','1','7','248'),
('1122','K,K,K,K','1503391399','1','8','248'),
('1123','5','1503391408','1','8','248'),
('1124','7','1503391418','2','8','248'),
('1125','A','1503391425','3','8','248'),
('1126','10,10,10','1503391433','3','8','248'),
('1127','4,5,6','1503391443','3','8','248'),
('1128','5,6,7','1503391449','4','8','248'),
('1129','4,4','1503391459','4','8','248'),
('1130','9,9','1503391463','1','8','248'),
('1131','J,J','1503391466','2','8','248'),
('1132','Q,Q','1503391469','3','8','248'),
('1133','4','1503391477','3','8','248'),
('1134','4,4,5,5,6,6','1503391502','4','9','248'),
('1135','4','1503391510','4','9','248'),
('1136','8','1503391518','1','9','248'),
('1137','Q','1503391524','2','9','248'),
('1138','A','1503391530','3','9','248'),
('1139','8,9,10,J,Q,K','1503391539','3','9','248'),
('1140','6','1503391547','3','9','248'),
('1141','A','1503391550','4','9','248'),
('1142','A','1503391559','4','9','248'),
('1143','9','1503391567','4','9','248'),
('1144','9,10,J,Q,K','1503391587','2','10','248'),
('1145','4','1503391603','2','10','248'),
('1146','5','1503391614','3','10','248'),
('1147','7','1503391630','4','10','248'),
('1148','A','1503391642','1','10','248'),
('1149','7,8,9,10','1503391652','1','10','248'),
('1150','J,Q,K,A','1503391658','3','10','248'),
('1151','6','1503391667','3','10','248'),
('1152','8','1503391672','4','10','248'),
('1153','A','1503391682','1','10','248'),
('1154','K','1503391740','1','10','248'),
('1155','A','1503391749','4','10','248'),
('1156','4,4,5,5','1503391757','4','10','248'),
('1157','5','1503391766','4','10','248'),
('1158','Q','1503391770','1','10','248'),
('1159','K','1503391778','3','10','248'),
('1160','9,9','1503391786','3','10','248'),
('1161','8','1503391795','3','10','248'),
('1162','K','1503392476','4','1','249'),
('1163','A','1503392479','3','1','249'),
('1164','8,9,10','1503392491','3','1','249'),
('1165','10,J,Q','1503392498','2','1','249'),
('1166','7,7,7','1503392512','2','1','249'),
('1167','9,9,9','1503392522','1','1','249'),
('1168','5','1503392532','1','1','249'),
('1169','J','1503392536','2','1','249'),
('1170','K','1503392542','4','1','249'),
('1171','A','1503392546','3','1','249'),
('1172','5','1503392556','3','1','249'),
('1173','A','1503392558','1','1','249'),
('1174','J,J','1503392567','1','1','249'),
('1175','Q,Q','1503392572','4','1','249'),
('1176','4,5,6,7,8','1503392581','4','1','249'),
('1177','10','1503392589','4','1','249'),
('1178','7,7,8,8,9,9','1503392601','3','2','249'),
('1179','9','1503392610','3','2','249'),
('1180','10','1503392617','1','2','249'),
('1181','J','1503392620','2','2','249'),
('1182','K','1503392623','4','2','249'),
('1183','A','1503392625','3','2','249'),
('1184','A','1503392633','3','2','249'),
('1185','J','1503392642','3','2','249'),
('1186','5','1503393013','4','1','250'),
('1187','7','1503393021','3','1','250'),
('1188','8','1503393025','1','1','250'),
('1189','9','1503393029','2','1','250'),
('1190','A','1503393034','4','1','250'),
('1191','10,10,J,J,Q,Q','1503393043','4','1','250'),
('1192','A','1503393051','4','1','250'),
('1193','8','1503393060','4','1','250'),
('1194','Q,Q,Q,K,K,K','1503393077','4','2','250'),
('1195','5,6,7','1503393085','4','2','250'),
('1196','7,8,9','1503393093','1','2','250'),
('1197','9,10,J','1503393098','2','2','250'),
('1198','10,J,Q','1503393109','1','2','250'),
('1199','10,10','1503393118','1','2','250'),
('1200','A,A','1503393125','3','2','250'),
('1201','5,5,6,6','1503393134','3','2','250'),
('1202','8','1503393142','3','2','250'),
('1203','A','1503393145','1','2','250'),
('1204','7','1503393153','1','2','250'),
('1205','5,5,6,6','1503393236','4','1','251'),
('1206','8,8,8,8','1503393242','2','1','251'),
('1207','9,9,9,9','1503393248','3','1','251'),
('1208','5','1503393258','3','1','251'),
('1209','7','1503393262','7','1','251'),
('1210','10','1503393268','4','1','251'),
('1211','Q','1503393271','2','1','251'),
('1212','K','1503393275','3','1','251'),
('1213','A','1503393277','7','1','251'),
('1214','10,J,Q,K,A','1503393286','7','1','251'),
('1215','Q,K,A','1503393294','7','1','251'),
('1216','8,9,10,J','1503393316','7','2','251'),
('1217','5','1503393329','7','2','251'),
('1218','6','1503393344','4','2','251'),
('1219','8','1503393348','2','2','251'),
('1220','9','1503393353','3','2','251'),
('1221','J','1503393355','7','2','251'),
('1222','K','1503393359','4','2','251'),
('1223','A','1503393363','2','2','251'),
('1224','5,6,7,8,9','1503393374','2','2','251'),
('1225','5','1503393383','2','2','251'),
('1226','9','1503393389','3','2','251'),
('1227','K','1503393394','7','2','251'),
('1228','A','1503393399','2','2','251'),
('1229','Q','1503393408','2','2','251'),
('1230','5,6,7,8,9','1503393835','4','1','252'),
('1231','9,10,J,Q,K','1503393842','2','1','252'),
('1232','6','1503393851','2','1','252'),
('1233','9','1503393857','3','1','252'),
('1234','A','1503393862','1','1','252'),
('1235','7,8,9,10,J,Q','1503393874','1','1','252'),
('1236','5,5','1503393887','1','1','252'),
('1237','K,K','1503393944','3','1','252'),
('1238','6,6,7,7','1503393957','3','1','252'),
('1239','A','1503393973','3','1','252'),
('1240','10','1503393981','3','1','252'),
('1241','A','1503394014','4','1','252'),
('1242','5','1503394022','4','1','252'),
('1243','A','1503394030','2','1','252'),
('1244','K','1503394039','2','1','252'),
('1245','10','1503394048','2','1','252'),
('1246','Q','1503394058','3','1','252'),
('1247','6,6,7,7','1503394081','3','2','252'),
('1248','8,8,8,8','1503394099','4','2','252'),
('1249','6','1503394111','4','2','252'),
('1250','K','1503394116','2','2','252'),
('1251','A','1503394119','3','2','252'),
('1252','7','1503394128','3','2','252'),
('1253','K','1503394136','1','2','252'),
('1254','A','1503394140','2','2','252'),
('1255','9,9','1503394149','2','2','252'),
('1256','10,10','1503394153','3','2','252'),
('1257','Q,Q','1503394158','4','2','252'),
('1258','5','1503394166','4','2','252'),
('1259','K','1503394170','2','2','252'),
('1260','A','1503394174','3','2','252'),
('1261','9','1503394182','3','2','252'),
('1262','7,8,9,10,J,Q','1503394781','4','1','253'),
('1263','4,4','1503394795','4','1','253'),
('1264','6,6','1503394800','3','1','253'),
('1265','A,A','1503394806','1','1','253'),
('1266','5,6,7','1503394815','1','1','253'),
('1267','7,8,9','1503394821','2','1','253'),
('1268','10,J,Q','1503394827','3','1','253'),
('1269','J,Q,K','1503394831','1','1','253'),
('1270','6','1503394853','1','1','253'),
('1271','7','1503394860','2','1','253'),
('1272','8','1503394863','4','1','253'),
('1273','A','1503394869','3','1','253'),
('1274','A','1503394878','3','1','253'),
('1275','K','1503394887','3','1','253'),
('1276','4','1503394895','3','1','253'),
('1277','K','1503394910','1','1','253'),
('1278','4','1503395005','1','2','253'),
('1279','8','1503395012','2','2','253'),
('1280','10','1503395017','4','2','253'),
('1281','Q','1503395020','3','2','253'),
('1282','K','1503395023','1','2','253'),
('1283','A','1503395030','4','2','253'),
('1284','8,9,10,J','1503395039','4','2','253'),
('1285','4','1503395048','4','2','253'),
('1286','7','1503395050','3','2','253'),
('1287','9','1503395054','1','2','253'),
('1288','J','1503395059','2','2','253'),
('1289','K','1503395061','4','2','253'),
('1290','A','1503395066','1','2','253'),
('1291','Q,Q,Q','1503395074','1','2','253'),
('1292','5,5','1503395083','1','2','253'),
('1293','8,8','1503395090','2','2','253'),
('1294','9,9','1503395094','3','2','253'),
('1295','J,J','1503395099','2','2','253'),
('1296','4,5,6,7','1503395108','2','2','253'),
('1297','4,5,6,7,8,9,10','1503395197','4','1','254'),
('1298','6','1503395207','4','1','254'),
('1299','8','1503395212','2','1','254'),
('1300','10','1503395219','1','1','254'),
('1301','J','1503395224','3','1','254'),
('1302','K','1503395226','4','1','254'),
('1303','A','1503395229','2','1','254'),
('1304','9,10,J','1503395237','2','1','254'),
('1305','Q,K,A','1503395240','1','1','254'),
('1306','4','1503395249','1','1','254'),
('1307','A','1503395251','3','1','254'),
('1308','5,5','1503395260','3','1','254'),
('1309','J,J','1503395265','2','1','254'),
('1310','Q,Q','1503395268','1','1','254'),
('1311','5','1503395276','1','1','254'),
('1312','K','1503395282','3','1','254'),
('1313','A','1503395291','2','1','254'),
('1314','6','1503395300','2','1','254'),
('1315','K','1503395304','1','1','254'),
('1316','7','1503395312','1','1','254'),
('1317','4,5,6,7','1503395460','2','2','254'),
('1318','5,6,7,8','1503395467','1','2','254'),
('1319','9,10,J,Q','1503395474','4','2','254'),
('1320','10,J,Q,K','1503395478','2','2','254'),
('1321','A','1503395486','2','2','254'),
('1322','9','1503395498','2','2','254'),
('1323','5,5','1503395631','3','1','255'),
('1324','Q,Q','1503395636','2','1','255'),
('1325','A,A','1503395641','4','1','255'),
('1326','6,6','1503395650','4','1','255'),
('1327','10,10','1503395654','3','1','255'),
('1328','J,J','1503395664','4','1','255'),
('1329','8','1503395672','4','1','255'),
('1330','J','1503395676','3','1','255'),
('1331','K','1503395679','2','1','255'),
('1332','A','1503395682','1','1','255'),
('1333','5,6,7','1503395690','1','1','255'),
('1334','J,Q,K','1503395695','3','1','255'),
('1335','A','1503395705','3','1','255'),
('1336','7','1503395745','3','1','255'),
('1337','6,7,8,9','1503396096','3','2','255'),
('1338','9,10,J,Q','1503396103','4','2','255'),
('1339','Q,K,A','1503396112','4','2','255'),
('1340','5,6,7','1503396121','4','2','255'),
('1341','5,5,5','1503456361','4','1','265'),
('1342','K,K,K','1503456369','1','1','265'),
('1343','9,10,J','1503456379','1','1','265'),
('1344','10,J,Q','1503456400','2','1','265'),
('1345','6,7,8','1503456419','2','1','265'),
('1346','8,9,10','1503456434','3','1','265'),
('1347','Q,K,A','1503456446','2','1','265'),
('1348','8','1503456455','2','1','265'),
('1349','Q,Q,K,K','1503456492','2','2','265'),
('1350','5,5','1503456511','2','2','265'),
('1351','8,8','1503456518','1','2','265'),
('1352','A,A','1503456527','3','2','265'),
('1353','5,6,7','1503456536','3','2','265'),
('1354','J,Q,K','1503456542','4','2','265'),
('1355','6,7,8,9','1503456551','4','2','265'),
('1356','9','1503456561','4','2','265'),
('1357','A','1503456568','2','2','265'),
('1358','J','1503456593','2','2','265'),
('1359','Q','1503456602','1','2','265'),
('1360','K','1503456612','4','2','265'),
('1361','A','1503456623','1','2','265'),
('1362','5','1503456632','1','2','265'),
('1363','J','1503456635','3','2','265'),
('1364','10','1503456644','3','2','265'),
('1365','J','1503456647','4','2','265'),
('1366','5,5,6,6','1503456748','2','1','266'),
('1367','9,9,10,10','1503456757','4','1','266'),
('1368','5','1503456767','4','1','266'),
('1369','8','1503456787','2','1','266'),
('1370','K','1503456793','1','1','266'),
('1371','A','1503456798','3','1','266'),
('1372','5,6,7,8','1503456811','3','1','266'),
('1373','6,7,8,9','1503456820','1','1','266'),
('1374','J,Q,K,A','1503456829','1','1','266'),
('1375','9','1503456838','1','1','266'),
('1376','5,5','1503456947','4','1','267'),
('1377','8,8','1503456953','3','1','267'),
('1378','J,J','1503456957','1','1','267'),
('1379','K,K','1503456962','4','1','267'),
('1380','A,A','1503456969','1','1','267'),
('1381','5,6,7','1503456978','1','1','267'),
('1382','J,Q,K','1503456983','3','1','267'),
('1383','Q,K,A','1503457001','2','1','267'),
('1384','6,6,7,7','1503457036','2','1','267'),
('1385','J','1503457054','2','1','267'),
('1386','A','1503457060','1','1','267'),
('1387','9','1503457069','1','1','267'),
('1388','Q','1503457071','4','1','267'),
('1389','10,10,10','1503457080','4','1','267'),
('1390','7','1503457089','4','1','267'),
('1391','Q','1503457096','3','1','267'),
('1392','9,9','1503457112','3','1','267'),
('1393','6','1503457122','3','1','267'),
('1394','8','1503457130','2','1','267'),
('1395','10','1503457134','1','1','267'),
('1396','5,5','1503457807','2','1','268'),
('1397','J,J','1503457813','1','1','268'),
('1398','A,A','1503457816','3','1','268'),
('1399','9,9,10,10','1503457826','3','1','268'),
('1400','5,6,7','1503457836','3','1','268'),
('1401','6,7,8','1503457843','4','1','268'),
('1402','7,8,9','1503457866','2','1','268'),
('1403','J,Q,K','1503457873','4','1','268'),
('1404','Q,K,A','1503457890','2','1','268'),
('1405','J','1503457901','2','1','268'),
('1406','K','1503457909','1','1','268'),
('1407','A','1503457919','4','1','268'),
('1408','10,10','1503457930','4','1','268'),
('1409','Q,Q','1503457935','1','1','268'),
('1410','5,6,7,8,9','1503457944','1','1','268'),
('1411','9,10,J,Q,K,A','1503457971','1','2','268'),
('1412','6,6','1503457981','1','2','268'),
('1413','10,10','1503457986','3','2','268'),
('1414','J,J','1503457990','4','2','268'),
('1415','K,K','1503457996','2','2','268'),
('1416','7','1503458006','2','2','268'),
('1417','9','1503458012','1','2','268'),
('1418','Q','1503458016','3','2','268'),
('1419','A','1503458022','4','2','268'),
('1420','5,6,7,8,9','1503458030','4','2','268'),
('1421','6','1503458040','4','2','268'),
('1422','A','1503458043','2','2','268'),
('1423','5,5','1503458051','2','2','268'),
('1424','7,7','1503458059','3','2','268'),
('1425','8,8','1503458072','3','2','268'),
('1426','10','1503458083','3','2','268'),
('1427','Q','1503458085','4','2','268'),
('1428','5,6,7,8,9,10','1503458102','4','3','268'),
('1429','5','1503458112','4','3','268'),
('1430','6','1503458119','2','3','268'),
('1431','7','1503458123','1','3','268'),
('1432','8','1503458127','3','3','268'),
('1433','Q','1503458132','4','3','268'),
('1434','A','1503458139','1','3','268'),
('1435','J,J,J','1503458147','1','3','268'),
('1436','K,K,K','1503458156','1','3','268'),
('1437','A','1503458165','1','3','268'),
('1438','5','1503458173','1','3','268'),
('1439','7,8,9','1503458203','1','4','268'),
('1440','10,J,Q','1503458210','3','4','268'),
('1441','Q,K,A','1503458237','2','4','268'),
('1442','6,7,8','1503458250','2','4','268'),
('1443','10,J,Q','1503458261','3','4','268'),
('1444','6,6','1503458270','3','4','268'),
('1445','9,9','1503458274','4','4','268'),
('1446','10,10','1503458277','2','4','268'),
('1447','A','1503458289','2','4','268'),
('1448','K','1503458298','2','4','268'),
('1449','6,6,7,7','1503458313','2','5','268'),
('1450','9,9,9,9','1503458318','1','5','268'),
('1451','6','1503458327','1','5','268'),
('1452','K','1503458336','3','5','268'),
('1453','A','1503458339','4','5','268'),
('1454','5','1503458348','4','5','268'),
('1455','8','1503458353','2','5','268'),
('1456','10','1503458356','1','5','268'),
('1457','Q','1503458361','3','5','268'),
('1458','K','1503458365','4','5','268'),
('1459','A','1503458370','2','5','268'),
('1460','K','1503458379','2','5','268'),
('1461','A','1503458389','4','5','268'),
('1462','7','1503458397','4','5','268'),
('1463','J','1503458400','2','5','268'),
('1464','K','1503458404','1','5','268'),
('1465','A','1503458410','4','5','268'),
('1466','J,J','1503458420','4','5','268'),
('1467','Q,Q','1503458428','1','5','268'),
('1468','8','1503458437','1','5','268'),
('1469','7,8,9,10','1503458447','1','6','268'),
('1470','9,10,J,Q','1503458457','3','6','268'),
('1471','6,6,6,6','1503458467','4','6','268'),
('1472','8,8','1503458475','4','6','268'),
('1473','9,9','1503458483','2','6','268'),
('1474','K,K','1503458486','1','6','268'),
('1475','7','1503458496','1','6','268'),
('1476','J','1503458501','3','6','268'),
('1477','K','1503458505','4','6','268'),
('1478','A','1503458510','1','6','268'),
('1479','Q','1503458520','1','6','268'),
('1480','A','1503458525','3','6','268'),
('1481','7,7','1503458535','3','6','268'),
('1482','Q,Q','1503458541','2','6','268'),
('1483','5,5,5','1503458550','2','6','268'),
('1484','J','1503458570','2','6','268'),
('1485','A','1503458573','1','6','268'),
('1486','6','1503458588','1','7','268'),
('1487','10','1503458594','3','7','268'),
('1488','Q','1503458600','4','7','268'),
('1489','K','1503458605','1','7','268'),
('1490','A','1503458609','3','7','268'),
('1491','7,7,7,7','1503458616','1','7','268'),
('1492','8,8','1503458624','1','7','268'),
('1493','J,J','1503458629','3','7','268'),
('1494','A,A','1503458634','4','7','268'),
('1495','8,9,10','1503458642','4','7','268'),
('1496','9,10,J','1503458651','2','7','268'),
('1497','5,5,5','1503458666','2','7','268'),
('1498','Q,Q','1503458678','2','7','268'),
('1499','K,K','1503458687','3','7','268'),
('1500','A','1503458697','3','7','268'),
('1501','9','1503458706','3','7','268'),
('1502','K','1503458711','4','7','268'),
('1503','5','1503458721','4','7','268'),
('1504','6','1503458726','2','7','268'),
('1505','9','1503458731','1','7','268'),
('1506','10','1503458736','3','7','268'),
('1507','Q','1503458743','1','7','268'),
('1508','Q,Q,K,K,A,A','1503458764','1','8','268'),
('1509','7,7','1503458772','1','8','268'),
('1510','J,J','1503458778','3','8','268'),
('1511','A,A','1503458784','2','8','268'),
('1512','8,9,10','1503458797','2','8','268'),
('1513','9,10,J','1503458806','4','8','268'),
('1514','K','1503458815','4','8','268'),
('1515','J','1503458824','4','8','268'),
('1516','Q','1503458827','2','8','268'),
('1517','K','1503458834','3','8','268'),
('1518','7,8,9,10','1503458842','3','8','268'),
('1519','Q','1503458851','3','8','268'),
('1520','5','1503458860','3','8','268'),
('1521','6','1503458867','4','8','268'),
('1522','8','1503458870','2','8','268'),
('1523','9','1503458872','1','8','268'),
('1524','10','1503458879','2','8','268'),
('1525','6','1503458892','2','8','268'),
('1526','8','1503458900','4','8','268'),
('1527','6,6','1503458910','4','8','268'),
('1528','7','1503458919','4','8','268'),
('1529','5,5','1503458953','4','9','268'),
('1530','6,6','1503458960','2','9','268'),
('1531','9,9','1503458966','1','9','268'),
('1532','A,A','1503458973','3','9','268'),
('1533','6,7,8,9,10','1503458984','3','9','268'),
('1534','7','1503458994','3','9','268'),
('1535','Q','1503459000','4','9','268'),
('1536','K','1503459004','2','9','268'),
('1537','8,8','1503459019','2','9','268'),
('1538','K,K','1503459026','4','9','268'),
('1539','A,A','1503459041','2','9','268'),
('1540','10,10','1503459050','2','9','268'),
('1541','J,J','1503459065','4','9','268'),
('1542','Q','1503459208','4','9','268'),
('1543','K','1503459212','1','9','268'),
('1544','5,6,7,8,9','1503459222','1','9','268'),
('1545','5','1503459230','1','9','268'),
('1546','10','1503459234','3','9','268'),
('1547','Q','1503459239','4','9','268'),
('1548','7','1503459450','4','9','268'),
('1549','5','1503459487','4','10','268'),
('1550','6','1503459493','2','10','268'),
('1551','10','1503459498','1','10','268'),
('1552','A','1503459503','3','10','268'),
('1553','10,10,10','1503459511','3','10','268'),
('1554','Q,Q,Q','1503459517','4','10','268'),
('1555','8,8','1503459525','4','10','268'),
('1556','A,A','1503459536','2','10','268'),
('1557','5,5','1503459553','2','10','268'),
('1558','9,9','1503459558','1','10','268'),
('1559','K,K','1503459563','3','10','268'),
('1560','7,7','1503459572','3','10','268'),
('1561','K,K','1503459576','4','10','268'),
('1562','9','1503459584','4','10','268'),
('1563','J','1503460187','2','10','268'),
('1564','A','1503460194','4','10','268'),
('1565','4','1503465266','4','1','271'),
('1566','5','1503465271','1','1','271'),
('1567','8','1503465277','3','1','271'),
('1568','9','1503465287','2','1','271'),
('1569','J','1503465295','4','1','271'),
('1570','A','1503465298','1','1','271'),
('1571','4,5,6,7','1503465312','1','1','271'),
('1572','J,Q,K,A','1503465349','3','1','271'),
('1573','4','1503465383','3','1','271'),
('1574','5','1503465391','2','1','271'),
('1575','6','1503465398','4','1','271'),
('1576','K','1503465401','1','1','271'),
('1577','A','1503465411','2','1','271'),
('1578','6,6','1503465423','2','1','271'),
('1579','Q,Q','1503465429','4','1','271'),
('1580','7,7,7','1503465437','4','1','271'),
('1581','9,9','1503465446','4','1','271'),
('1582','4,4,4','1503465514','4','2','271'),
('1583','7,7,7','1503465521','1','2','271'),
('1584','10,10,10','1503465527','2','2','271'),
('1585','9,9','1503465539','2','2','271'),
('1586','K,K','1503465542','4','2','271'),
('1587','6,6,6','1503465554','4','2','271'),
('1588','5','1503465563','4','2','271'),
('1589','A','1503465567','3','2','271'),
('1590','7,8,9,10,J,Q,K','1503465578','3','2','271'),
('1591','5','1503465588','3','2','271'),
('1592','8','1503465595','1','2','271'),
('1593','A','1503465617','2','2','271'),
('1594','Q','1503465631','2','2','271'),
('1595','K','1503465644','3','2','271'),
('1596','5,5','1503630012','13','1','306'),
('1597','10,10','1503630020','9','1','306'),
('1598','J,J','1503630024','12','1','306'),
('1599','Q,Q','1503630177','13','1','306'),
('1600','K,K','1503630186','9','1','306'),
('1601','A','1503630196','9','1','306'),
('1602','9','1503630209','9','1','306'),
('1603','A','1503630214','12','1','306'),
('1604','K','1503630227','12','1','306'),
('1605','A','1503630233','13','1','306'),
('1606','7,8,9','1503630244','13','1','306'),
('1607','8,9,10','1503630269','7','1','306'),
('1608','6,6,6','1503630284','7','1','306'),
('1609','7,7','1503630298','7','1','306'),
('1610','J','1503630307','7','1','306'),
('1611','A','1503630312','9','1','306'),
('1612','8','1503630324','9','1','306'),
('1613','K','1503630350','12','1','306'),
('1614','Q','1503630358','12','1','306'),
('1615','10','1503630368','12','1','306'),
('1616','Q','1503630371','7','1','306'),
('1617','5,6,7,8,9,10,J','1503630386','12','2','306'),
('1618','6','1503630402','12','2','306'),
('1619','10','1503630412','9','2','306'),
('1620','A','1503630416','7','2','306'),
('1621','5,6,7','1503630425','7','2','306'),
('1622','J,Q,K','1503630436','13','2','306'),
('1623','Q,K,A','1503630457','9','2','306'),
('1624','5,5','1503630497','9','2','306'),
('1625','7,7','1503630500','7','2','306'),
('1626','8,8','1503630514','13','2','306'),
('1627','10,10','1503630521','7','2','306'),
('1628','Q,Q','1503630527','13','2','306'),
('1629','A','1503630540','13','2','306'),
('1630','9','1503630549','13','2','306'),
('1631','K','1503630553','12','2','306'),
('1632','A','1503630560','13','2','306'),
('1633','5,5,6,6,7,7','1503630579','12','3','306'),
('1634','6','1503630587','12','3','306'),
('1635','10','1503630596','9','3','306'),
('1636','Q','1503630601','7','3','306'),
('1637','A','1503630606','13','3','306'),
('1638','8,9,10,J,Q','1503630615','13','3','306'),
('1639','8','1503630624','13','3','306'),
('1640','9','1503630630','12','3','306'),
('1641','A','1503630635','9','3','306'),
('1642','8,9,10,J','1503630651','9','3','306'),
('1643','A','1503630662','9','3','306'),
('1644','K','1503630672','9','3','306'),
('1645','A','1503630683','13','3','306'),
('1646','Q','1503630694','13','3','306'),
('1647','K','1503630698','12','3','306'),
('1648','J','1503630706','12','3','306'),
('1649','5,5','1503630723','13','4','306'),
('1650','A,A','1503630726','12','4','306'),
('1651','6,7,8,9','1503630735','12','4','306'),
('1652','7,8,9,10','1503630794','9','4','306'),
('1653','10,J,Q,K','1503630816','13','4','306'),
('1654','J,Q,K,A','1503630871','9','4','306'),
('1655','J','1503630885','9','4','306'),
('1656','K','1503630895','13','4','306'),
('1657','9','1503630905','13','4','306'),
('1658','Q','1503630910','12','4','306'),
('1659','K','1503630932','13','4','306'),
('1660','A','1503630941','13','4','306'),
('1661','5,6,7,8,9','1503630996','7','5','306'),
('1662','10,J,Q,K,A','1503631008','13','5','306'),
('1663','5,6,7','1503631025','13','5','306'),
('1664','Q,K,A','1503631039','12','5','306'),
('1665','8,9,10,J','1503631047','12','5','306'),
('1666','9,10,J,Q','1503631054','9','5','306'),
('1667','6,7,8','1503631063','9','5','306'),
('1668','Q,K,A','1503631065','7','5','306'),
('1669','K','1503631074','7','5','306'),
('1670','A','1503631079','12','5','306'),
('1671','5','1503631095','12','5','306'),
('1672','J','1503631109','9','5','306'),
('1673','7','1503631119','9','5','306'),
('1674','10','1503631122','7','5','306'),
('1675','5,6,7,8','1503631138','7','6','306'),
('1676','6,7,8,9','1503631146','13','6','306'),
('1677','10,J,Q,K','1503631154','7','6','306'),
('1678','Q','1503631162','7','6','306'),
('1679','A','1503631167','13','6','306'),
('1680','A,A','1503631175','13','6','306'),
('1681','Q,Q','1503631183','13','6','306'),
('1682','K,K','1503631186','12','6','306'),
('1683','10,10','1503631200','12','6','306'),
('1684','J,J','1503631205','9','6','306'),
('1685','7,8,9','1503631215','9','6','306'),
('1686','9,10,J','1503631225','12','6','306'),
('1687','5','1503631234','12','6','306'),
('1688','A','1503631244','9','6','306'),
('1689','K','1503631253','9','6','306'),
('1690','9','1503631262','9','6','306'),
('1691','8','1503631271','9','6','306'),
('1692','6','1503631279','9','6','306'),
('1693','5,6,7,8','1503631300','12','7','306'),
('1694','10,J,Q,K','1503631309','9','7','306'),
('1695','5,6,7','1503631325','9','7','306'),
('1696','7,8,9','1503631328','7','7','306'),
('1697','J,Q,K','1503631333','13','7','306'),
('1698','Q,K,A','1503631336','12','7','306'),
('1699','A','1503631345','12','7','306'),
('1700','Q','1503631353','12','7','306'),
('1701','A','1503631356','9','7','306'),
('1702','J','1503631365','9','7','306'),
('1703','A','1503631368','7','7','306'),
('1704','9,10,J','1503631376','7','7','306'),
('1705','K','1503631386','7','7','306'),
('1706','9','1503631394','7','7','306'),
('1707','10','1503631397','13','7','306'),
('1708','7,8,9,10','1503631406','13','7','306'),
('1709','8','1503631414','13','7','306'),
('1710','5','1503631425','13','7','306'),
('1711','5,6,7','1503631450','13','8','306'),
('1712','9,10,J','1503631456','12','8','306'),
('1713','Q,K,A','1503631468','9','8','306'),
('1714','6,6','1503631483','9','8','306'),
('1715','8,8','1503631488','7','8','306'),
('1716','K,K','1503631497','13','8','306'),
('1717','A','1503631510','13','8','306'),
('1718','Q','1503631519','13','8','306'),
('1719','A','1503631523','12','8','306'),
('1720','5,5','1503631532','12','8','306'),
('1721','8,8','1503631541','9','8','306'),
('1722','9,9','1503631544','7','8','306'),
('1723','10,10','1503631552','9','8','306'),
('1724','A','1503631565','9','8','306'),
('1725','5,5,5','1503631579','12','9','306'),
('1726','K,K,K','1503631598','9','9','306'),
('1727','A,A,A','1503631611','13','9','306'),
('1728','6,6,6','1503631620','13','9','306'),
('1729','7,7,7','1503631626','7','9','306'),
('1730','9,9,10,10','1503631635','7','9','306'),
('1731','J,J,Q,Q','1503631648','9','9','306'),
('1732','A','1503631657','9','9','306'),
('1733','9','1503631667','9','9','306'),
('1734','10','1503631676','13','9','306'),
('1735','K','1503631679','12','9','306'),
('1736','7,8,9','1503631688','12','9','306'),
('1737','Q,Q','1503631696','12','9','306'),
('1738','J','1503631705','12','9','306'),
('1739','5,6,7,8','1503631801','9','10','306'),
('1740','10,10,10,10','1503631806','7','10','306'),
('1741','J,Q,K','1503631815','7','10','306'),
('1742','Q,K,A','1503631821','12','10','306'),
('1743','6','1503631831','12','10','306'),
('1744','A','1503631836','9','10','306'),
('1745','9,9,9,9','1503631843','12','10','306'),
('1746','A','1503631863','12','10','306'),
('1747','J','1503631873','12','10','306'),
('1748','J,J','1503635580','11','1','311'),
('1749','Q,Q','1503635592','9','1','311'),
('1750','K,K','1503635595','7','1','311'),
('1751','A,A','1503635612','9','1','311'),
('1752','4,4','1503635624','9','1','311'),
('1753','6,6','1503635629','7','1','311'),
('1754','7,7','1503635632','11','1','311'),
('1755','10,10','1503635650','13','1','311'),
('1756','7,8,9,10','1503635661','13','1','311'),
('1757','9','1503635675','13','1','311'),
('1758','J','1503635681','9','1','311'),
('1759','Q','1503635684','7','1','311'),
('1760','A','1503635687','11','1','311'),
('1761','5','1503635699','11','1','311'),
('1762','K','1503635702','13','1','311'),
('1763','A','1503635708','9','1','311'),
('1764','8','1503635723','9','1','311'),
('1765','J','1503635726','7','1','311'),
('1766','Q','1503635729','11','1','311'),
('1767','10','1503635744','11','1','311'),
('1768','9','1503635754','11','1','311'),
('1769','8','1503635765','11','1','311'),
('1770','6,7,8,9,10','1503635781','7','2','311'),
('1771','8,9,10,J,Q','1503635799','9','2','311'),
('1772','5,5','1503635810','9','2','311'),
('1773','Q,Q','1503635814','7','2','311'),
('1774','A,A','1503635820','11','2','311'),
('1775','10,10,J,J','1503635832','11','2','311'),
('1776','4','1503635844','11','2','311'),
('1777','J','1503635851','13','2','311'),
('1778','K','1503635854','9','2','311'),
('1779','A','1503635857','7','2','311'),
('1780','4,4','1503635866','7','2','311'),
('1781','5,5','1503894254','13','1','322'),
('1782','6,6','1503894263','14','1','322'),
('1783','K,K','1503894266','11','1','322'),
('1784','A,A','1503894271','13','1','322'),
('1785','7,8,9','1503894280','13','1','322'),
('1786','J,Q,K','1503894292','14','1','322'),
('1787','5','1503894302','14','1','322'),
('1788','K','1503894315','11','1','322'),
('1789','A','1503894322','9','1','322'),
('1790','6,7,8,9,10,J,Q','1503894331','9','1','322'),
('1791','J','1503894340','9','1','322'),
('1792','A','1503894344','13','1','322'),
('1793','Q','1503894353','13','1','322'),
('1794','9','1503894361','13','1','322'),
('1795','5,5,5','1503970466','7','1','327'),
('1796','Q,Q,Q','1503970495','9','1','327'),
('1797','8,8','1503970508','9','1','327'),
('1798','9,9','1503970513','7','1','327'),
('1799','J,J','1503970516','14','1','327'),
('1800','5,6,7','1503970530','14','1','327'),
('1801','6,7,8','1503970543','11','1','327'),
('1802','9,10,J','1503970552','11','1','327'),
('1803','J,Q,K','1503970561','11','1','327'),
('1804','8','1503970570','11','1','327'),
('1805','5,5','1503970585','7','2','327'),
('1806','6,6','1503970589','14','2','327'),
('1807','9,9','1503970603','11','2','327'),
('1808','K,K','1503970612','9','2','327'),
('1809','5','1503970622','9','2','327'),
('1810','J','1503970628','7','2','327'),
('1811','A','1503970632','14','2','327'),
('1812','9,10,J','1503970641','14','2','327'),
('1813','J,Q,K','1503970647','11','2','327'),
('1814','A','1503970656','11','2','327'),
('1815','10,10','1503970665','11','2','327'),
('1816','A,A','1503970673','9','2','327'),
('1817','5,6,7,8','1503970682','9','2','327'),
('1818','J','1503970691','9','2','327'),
('1819','5,6,7','1503970702','7','3','327'),
('1820','9,10,J','1503970712','14','3','327'),
('1821','Q,K,A','1503970730','11','3','327'),
('1822','8,9,10','1503970745','11','3','327'),
('1823','J,Q,K','1503970756','9','3','327'),
('1824','8,9,10','1503970766','9','3','327'),
('1825','J,Q,K','1503970769','7','3','327'),
('1826','5','1503970779','7','3','327'),
('1827','7','1503970782','14','3','327'),
('1828','8','1503970799','11','3','327'),
('1829','A','1503970803','9','3','327'),
('1830','10','1503970812','9','3','327'),
('1831','J','1503970817','7','3','327'),
('1832','A','1503970820','14','3','327'),
('1833','5,6,7,8','1503970828','14','3','327'),
('1834','5','1503970837','14','3','327'),
('1835','5,5','1503970848','14','4','327'),
('1836','6,6','1503970860','11','4','327'),
('1837','K,K','1503970868','9','4','327'),
('1838','5,6,7','1503970891','9','4','327'),
('1839','10,J,Q','1503970895','7','4','327'),
('1840','Q,K,A','1503970899','14','4','327'),
('1841','8,9,10,J','1503970908','14','4','327'),
('1842','9,10,J,Q','1503970919','11','4','327'),
('1843','J,Q,K,A','1503970924','7','4','327'),
('1844','8,8','1503970933','7','4','327'),
('1845','A,A','1503970940','9','4','327'),
('1846','10','1503970951','9','4','327'),
('1847','9','1503970962','9','4','327'),
('1848','7','1503970971','9','4','327'),
('1849','5,5','1503970995','9','5','327'),
('1850','8,8','1503971000','7','5','327'),
('1851','J,J','1503971004','14','5','327'),
('1852','K,K','1503971014','11','5','327'),
('1853','A,A','1503971022','9','5','327'),
('1854','Q,Q','1503971052','9','5','327'),
('1855','9,9','1503971064','9','5','327'),
('1856','J','1503971073','9','5','327'),
('1857','K','1503971077','7','5','327'),
('1858','A','1503971080','14','5','327'),
('1859','5','1503971088','14','5','327'),
('1860','A','1503971096','11','5','327'),
('1861','6,7,8,9,10','1503971106','11','5','327'),
('1862','Q','1503971147','11','5','327'),
('1863','K','1503971156','14','5','327'),
('1864','6,6','1503971165','14','5','327'),
('1865','7,7','1503971171','7','5','327'),
('1866','9,10,J','1503971180','7','5','327'),
('1867','5','1503971189','7','5','327'),
('1868','Q','1503971192','14','5','327'),
('1869','10','1503971201','14','5','327'),
('1870','8','1503971210','14','5','327'),
('1871','5,6,7','1503971226','9','6','327'),
('1872','7,8,9','1503971243','7','6','327'),
('1873','9,10,J','1503971250','14','6','327'),
('1874','Q,K,A','1503971265','11','6','327'),
('1875','6,6','1503971281','11','6','327'),
('1876','K,K','1503971287','9','6','327'),
('1877','A,A','1503971289','7','6','327'),
('1878','5','1503971298','7','6','327'),
('1879','J','1503971301','14','6','327'),
('1880','K','1503971311','11','6','327'),
('1881','A','1503971316','7','6','327'),
('1882','8','1503971324','7','6','327'),
('1883','Q','1503971329','14','6','327'),
('1884','5,6,7,8,9','1503971340','14','6','327'),
('1885','5','1503971355','11','7','327'),
('1886','9','1503971376','9','7','327'),
('1887','J','1503971380','7','7','327'),
('1888','A','1503971384','14','7','327'),
('1889','J,Q,K','1503971393','14','7','327'),
('1890','Q,K,A','1503971406','9','7','327'),
('1891','8,8','1503971420','9','7','327'),
('1892','10,10','1503971425','14','7','327'),
('1893','J,J','1503971432','11','7','327'),
('1894','7,8,9','1503971447','11','7','327'),
('1895','A','1503971457','11','7','327'),
('1896','Q','1503971466','11','7','327'),
('1897','K','1503971472','9','7','327'),
('1898','A','1503971479','11','7','327'),
('1899','9','1503971488','11','7','327'),
('1900','5,5','1503971499','7','8','327'),
('1901','6,6','1503971512','14','8','327'),
('1902','10,10','1503971526','11','8','327'),
('1903','J,J','1503971534','9','8','327'),
('1904','A,A','1503971539','14','8','327'),
('1905','6','1503971550','14','8','327'),
('1906','Q','1503971558','11','8','327'),
('1907','K','1503971565','9','8','327'),
('1908','A','1503971567','7','8','327'),
('1909','7,8,9','1503971576','7','8','327'),
('1910','Q,K,A','1503971580','14','8','327'),
('1911','7','1503971589','14','8','327'),
('1912','8','1503971617','11','8','327'),
('1913','10','1503971627','9','8','327'),
('1914','K','1503971630','7','8','327'),
('1915','Q','1503971638','7','8','327'),
('1916','K','1503971647','11','8','327'),
('1917','Q','1503971657','11','8','327'),
('1918','J','1503971666','11','8','327'),
('1919','10','1503971677','11','8','327'),
('1920','J','1503971682','7','8','327'),
('1921','9','1503971690','7','8','327'),
('1922','5,5,5','1503971704','7','9','327'),
('1923','9,9,9','1503971712','14','9','327'),
('1924','6,6,7,7','1503971724','14','9','327'),
('1925','Q,Q,K,K','1503971755','11','9','327'),
('1926','6,7,8,9','1503971777','11','9','327'),
('1927','A','1503971786','11','9','327'),
('1928','J','1503971795','11','9','327'),
('1929','5','1503971803','9','10','327'),
('1930','10','1503971808','7','10','327'),
('1931','J','1503971811','14','10','327'),
('1932','A','1503971820','11','10','327'),
('1933','5,6,7,8','1503971829','11','10','327'),
('1934','9,10,J,Q','1503971837','7','10','327'),
('1935','J,Q,K,A','1503971849','11','10','327'),
('1936','J','1503971857','11','10','327'),
('1937','5','1504058683','7','1','340'),
('1938','A','1504058689','14','1','340'),
('1939','A','1504058695','14','1','340'),
('1940','K','1504058703','14','1','340'),
('1941','A','1504058724','11','1','340'),
('1942','8','1504058745','11','1','340'),
('1943','J','1504058761','9','1','340'),
('1944','K','1504058777','7','1','340'),
('1945','A','1504058788','11','1','340'),
('1946','10','1504058795','11','1','340'),
('1947','Q','1504058819','9','1','340'),
('1948','5','1504058835','9','1','340'),
('1949','6','1504058840','7','1','340'),
('1950','8','1504058846','14','1','340'),
('1951','Q','1504058854','11','1','340'),
('1952','K','1504058859','9','1','340'),
('1953','6,6','1504058866','9','1','340'),
('1954','7,7','1504058871','7','1','340'),
('1955','9,9','1504058881','11','1','340'),
('1956','J','1504058891','11','1','340'),
('1957','K','1504058897','9','1','340'),
('1958','8,8','1504058907','9','1','340'),
('1959','9,9','1504058911','7','1','340'),
('1960','10,J,Q','1504058921','7','1','340'),
('1961','5','1504058934','7','2','340'),
('1962','8','1504058941','14','2','340'),
('1963','A','1504058957','11','2','340'),
('1964','Q,Q,K,K','1504058966','11','2','340'),
('1965','A','1504058974','11','2','340'),
('1966','J','1504058983','11','2','340'),
('1967','K','1504058996','9','2','340'),
('1968','A','1504059000','14','2','340'),
('1969','5,5,6,6,7,7','1504059005','14','2','340'),
('1970','J','1504059012','14','2','340'),
('1971','A','1504059015','9','2','340'),
('1972','9,9,9','1504059022','9','2','340'),
('1973','10,10,10','1504059025','7','2','340'),
('1974','J,Q,K','1504059030','7','2','340'),
('1975','7,7','1504059035','7','2','340'),
('1976','8','1504059041','7','2','340'),
('1977','5,5,5','1504059056','11','3','340'),
('1978','7,8,9,10','1504059066','11','3','340'),
('1979','9,10,J,Q','1504059086','9','3','340'),
('1980','J,Q,K,A','1504059090','7','3','340'),
('1981','6,6','1504059096','7','3','340'),
('1982','8,8','1504059099','14','3','340'),
('1983','K,K','1504059114','11','3','340'),
('1984','A,A','1504059120','9','3','340'),
('1985','K','1504059130','9','3','340'),
('1986','A','1504059135','14','3','340'),
('1987','5,6,7','1504059141','14','3','340'),
('1988','10,J,Q','1504059151','14','3','340'),
('1989','6','1504059157','14','3','340'),
('1990','5','1504059175','9','4','340'),
('1991','8','1504059181','7','4','340'),
('1992','A','1504059192','14','4','340'),
('1993','5,5,6,6','1504059197','14','4','340'),
('1994','10,10,J,J','1504059210','9','4','340'),
('1995','Q,Q','1504059219','9','4','340'),
('1996','A,A','1504059230','11','4','340'),
('1997','5,6,7','1504059246','11','4','340'),
('1998','9,10,J','1504059252','7','4','340'),
('1999','J,Q,K','1504059263','11','4','340'),
('2000','Q,K,A','1504059267','7','4','340'),
('2001','7,7','1504059272','7','4','340'),
('2002','8,8','1504059277','14','4','340'),
('2003','7','1504059292','14','4','340'),
('2004','10','1504059296','11','4','340'),
('2005','K','1504059301','9','4','340'),
('2006','9','1504059317','9','4','340'),
('2007','K','1504059321','14','4','340'),
('2008','9','1504059326','14','4','340'),
('2009','5,6,7,8,9','1504059347','7','5','340'),
('2010','8,9,10,J,Q','1504059354','14','5','340'),
('2011','8','1504059361','14','5','340'),
('2012','9','1504059371','11','5','340'),
('2013','A','1504059380','9','5','340'),
('2014','6,6,7,7','1504059386','9','5','340'),
('2015','K','1504059407','9','5','340'),
('2016','A','1504059411','7','5','340'),
('2017','5,5','1504059416','7','5','340'),
('2018','Q,Q','1504059420','14','5','340'),
('2019','K,K','1504059426','11','5','340'),
('2020','A','1504059446','11','5','340'),
('2021','8','1504059457','11','5','340'),
('2022','9','1504059463','9','5','340'),
('2023','J','1504059465','7','5','340'),
('2024','A','1504059468','14','5','340'),
('2025','10','1504059475','14','5','340'),
('2026','5,5,6,6','1504059502','9','6','340'),
('2027','9,9,9,9','1504060038','14','6','340'),
('2028','5','1504060046','14','6','340'),
('2029','A','1504060067','11','6','340'),
('2030','J,Q,K,A','1504060077','11','6','340'),
('2031','J,J','1504060087','11','6','340'),
('2032','Q,Q','1504060091','7','6','340'),
('2033','K,K','1504060094','14','6','340'),
('2034','7','1504060100','14','6','340'),
('2035','8','1504060103','11','6','340'),
('2036','K','1504060108','9','6','340'),
('2037','A','1504060111','7','6','340'),
('2038','6','1504060116','7','6','340'),
('2039','A','1504060120','14','6','340'),
('2040','8','1504060125','14','6','340'),
('2041','5','1504060138','7','7','340'),
('2042','6','1504060148','11','7','340'),
('2043','8','1504060151','14','7','340'),
('2044','J','1504060168','9','7','340'),
('2045','A','1504060171','7','7','340'),
('2046','9,10,J,Q,K','1504060177','7','7','340'),
('2047','6,6','1504060183','7','7','340'),
('2048','K,K','1504060191','11','7','340'),
('2049','A,A','1504060197','9','7','340'),
('2050','10,10','1504060223','9','7','340'),
('2051','Q,Q','1504060247','9','7','340'),
('2052','8','1504060279','9','7','340'),
('2053','9','1504060285','7','7','340'),
('2054','5,5','1504060303','9','8','340'),
('2055','8,8','1504060324','7','8','340'),
('2056','Q,Q','1504060329','11','8','340'),
('2057','A,A','1504060335','14','8','340'),
('2058','6,6,6','1504060345','14','8','340'),
('2059','9,9','1504060352','14','8','340'),
('2060','10,10','1504060358','9','8','340'),
('2061','J,J','1504060362','7','8','340'),
('2062','10,10','1504060370','7','8','340'),
('2063','J,J','1504060379','9','8','340'),
('2064','K,K','1504060438','7','8','340'),
('2065','7','1504060447','7','8','340'),
('2066','8','1504060455','11','8','340'),
('2067','K','1504060469','14','8','340'),
('2068','A','1504060473','7','8','340'),
('2069','5,5','1504060486','11','9','340'),
('2070','8,8','1504060491','7','9','340'),
('2071','K,K','1504060495','14','9','340'),
('2072','5,6,7','1504060501','14','9','340'),
('2073','8,9,10','1504060510','9','9','340'),
('2074','9,10,J','1504060518','11','9','340'),
('2075','Q,K,A','1504060520','7','9','340'),
('2076','6,7,8,9','1504060525','7','9','340'),
('2077','Q','1504060534','7','9','340'),
('2078','5,5','1504060544','9','10','340'),
('2079','6,6','1504060551','11','10','340'),
('2080','9,9','1504060554','7','10','340'),
('2081','10,10','1504060560','14','10','340'),
('2082','J,J','1504060569','9','10','340'),
('2083','A,A','1504060576','11','10','340'),
('2084','6,7,8,9','1504060586','11','10','340'),
('2085','8,8','1504060592','11','10','340'),
('2086','5','1504066512','14','1','341'),
('2087','7','1504066525','9','1','341'),
('2088','8','1504066527','11','1','341'),
('2089','K','1504066531','7','1','341'),
('2090','A','1504066539','14','1','341'),
('2091','5,5,6,6','1504066548','14','1','341'),
('2092','J,J,Q,Q','1504066553','9','1','341'),
('2093','7,8,9','1504066571','9','1','341'),
('2094','9,10,J','1504066585','11','1','341'),
('2095','9,10,J','1504066593','11','1','341'),
('2096','7,7','1504066601','11','1','341'),
('2097','10,10','1504066606','7','1','341'),
('2098','Q,Q','1504066608','14','1','341'),
('2099','K,K','1504066616','9','1','341'),
('2100','5,6,7,8,9','1504066633','9','2','341'),
('2101','J,Q,K,A','1504066643','9','2','341'),
('2102','7','1504066658','9','2','341'),
('2103','5,5','1504066718','11','8','341'),
('2104','7,7','1504066725','7','8','341'),
('2105','J,J','1504066732','14','8','341'),
('2106','K,K','1504066741','9','8','341'),
('2107','A,A','1504066752','11','8','341'),
('2108','8,9,10,J','1504066760','11','8','341'),
('2109','10,J,Q,K','1504066772','7','8','341'),
('2110','10','1504066782','7','8','341'),
('2111','Q','1504066788','14','8','341'),
('2112','A','1504066796','9','8','341'),
('2113','8','1504066817','9','8','341'),
('2114','9','1504066823','11','8','341'),
('2115','K','1504066828','7','8','341'),
('2116','A','1504066832','9','8','341'),
('2117','9','1504066841','9','8','341'),
('2118','Q','1504066848','7','8','341'),
('2119','Q','1504066856','7','8','341'),
('2120','5','1504066872','7','9','341'),
('2121','7','1504066877','14','9','341'),
('2122','J','1504066889','11','9','341'),
('2123','Q','1504066903','9','9','341'),
('2124','A','1504066906','7','9','341'),
('2125','8,8,9,9','1504066916','7','9','341'),
('2126','10','1504066924','7','9','341'),
('2127','J','1504066929','14','9','341'),
('2128','A','1504066934','11','9','341'),
('2129','5,5,6,6','1504066942','11','9','341'),
('2130','7,7,7','1504066951','11','9','341'),
('2131','8','1504066961','11','9','341'),
('2132','5,5','1504066978','9','10','341'),
('2133','J,J','1504066981','11','10','341'),
('2134','A,A','1504066988','14','10','341'),
('2135','8,9,10,J,Q,K','1504066996','14','10','341'),
('2136','8','1504067004','14','10','341'),
('2137','A','1504067015','9','10','341'),
('2138','9,9','1504067024','9','10','341'),
('2139','K,K','1504067028','11','10','341'),
('2140','7,7,7','1504067036','11','10','341'),
('2141','K','1504067045','11','10','341'),
('2142','A','1504067053','11','10','341'),
('2143','6','1504067061','11','10','341'),
('2144','5','1504067134','14','1','343'),
('2145','A','1504067144','9','1','343'),
('2146','9,10,J','1504067153','9','1','343'),
('2147','J,Q,K','1504067160','11','1','343'),
('2148','8,8,9,9','1504067168','11','1','343'),
('2149','5','1504067176','11','1','343'),
('2150','8','1504067180','14','1','343'),
('2151','K','1504067183','9','1','343'),
('2152','A','1504067186','7','1','343'),
('2153','5','1504067194','7','1','343'),
('2154','7','1504067203','11','1','343'),
('2155','10','1504067209','14','1','343'),
('2156','A','1504067223','7','1','343'),
('2157','J,J','1504067234','7','1','343'),
('2158','Q,Q','1504067239','14','1','343'),
('2159','6,6,7,7','1504067248','14','1','343'),
('2160','K','1504067256','14','1','343'),
('2161','10,J,Q','1504067274','14','2','343'),
('2162','Q,K,A','1504067306','11','2','343'),
('2163','5','1504067331','11','2','343'),
('2164','6','1504067339','14','2','343'),
('2165','A','1504067342','9','2','343'),
('2166','10,10','1504067351','9','2','343'),
('2167','J,J','1504067368','7','2','343'),
('2168','K,K','1504067378','14','2','343'),
('2169','8,8','1504067388','14','2','343'),
('2170','9,9','1504067395','11','2','343'),
('2171','7,7','1504067403','11','2','343'),
('2172','8,8','1504067407','9','2','343'),
('2173','6,6','1504067416','9','2','343'),
('2174','7,7','1504067421','7','2','343'),
('2175','9,10,J,Q','1504067429','7','2','343'),
('2176','A','1504067438','7','2','343'),
('2177','6','1504067458','7','2','343'),
('2178','5,5,5','1504166488','9','1','359'),
('2179','9,9,9','1504166514','11','1','359'),
('2180','J,J,J','1504166527','14','1','359'),
('2181','6,6','1504166542','14','1','359'),
('2182','7,7','1504166560','7','1','359'),
('2183','Q,Q','1504166565','9','1','359'),
('2184','A,A','1504166571','11','1','359'),
('2185','J,Q,K','1504166593','11','1','359'),
('2186','7','1504166602','11','1','359'),
('2187','K','1504166619','14','1','359'),
('2188','A','1504166633','9','1','359'),
('2189','8,9,10','1504166641','9','1','359'),
('2190','6','1504166649','9','1','359'),
('2191','5','1504173382','14','1','370'),
('2192','K','1504173392','9','1','370'),
('2193','A','1504173412','11','1','370'),
('2194','5,5','1504173427','11','1','370'),
('2195','10,10','1504173666','14','1','370'),
('2196','A,A','1504173671','9','1','370'),
('2197','Q','1504173682','9','1','370'),
('2198','K','1504173726','12','1','370'),
('2199','A','1504173757','14','1','370'),
('2200','5,6,7,8,9','1504173773','14','1','370'),
('2201','J','1504173782','14','1','370'),
('2202','5,6,7','1504230513','12','1','372'),
('2203','6,7,8','1504230529','9','1','372'),
('2204','8,9,10','1504230541','14','1','372'),
('2205','J,Q,K','1504230549','9','1','372'),
('2206','10','1504230560','9','1','372'),
('2207','K','1504230570','14','1','372'),
('2208','A','1504230576','12','1','372'),
('2209','Q,Q','1504230585','12','1','372'),
('2210','K,K','1504230609','14','1','372'),
('2211','A,A','1504230613','12','1','372'),
('2212','10','1504230622','12','1','372'),
('2213','J','1504230627','11','1','372'),
('2214','5,5','1504230638','11','1','372'),
('2215','J,J','1504230646','14','1','372'),
('2216','10','1504230657','14','1','372'),
('2217','Q','1504230661','11','1','372'),
('2218','8,8,9,9','1504230670','11','1','372'),
('2219','A','1504230680','11','1','372'),
('2220','6','1504230688','11','1','372'),
('2221','5','1504230733','11','2','372'),
('2222','A','1504230739','9','2','372'),
('2223','A','1504230749','9','2','372'),
('2224','5','1504230762','9','2','372'),
('2225','A','1504230772','14','2','372'),
('2226','6,7,8,9,10,J,Q','1504230803','14','2','372'),
('2227','Q','1504230811','14','2','372'),
('2228','A','1504230821','12','2','372'),
('2229','8,9,10','1504230846','12','2','372'),
('2230','J,Q,K','1504230854','9','2','372'),
('2231','9,9','1504230862','9','2','372'),
('2232','K,K','1504230921','12','2','372'),
('2233','K','1504230938','12','2','372'),
('2234','Q','1504230978','12','2','372'),
('2235','6','1504230999','12','2','372'),
('2236','10','1504231006','11','2','372'),
('2237','6,7,8','1504231023','11','2','372'),
('2238','7,7','1504231057','11','2','372'),
('2239','J,J','1504231067','11','2','372'),
('2240','8','1504231080','11','2','372'),
('2241','5','1504231691','9','1','374'),
('2242','A','1504231696','11','1','374'),
('2243','5','1504231705','11','1','374'),
('2244','A','1504231713','12','1','374'),
('2245','6,6,7,7','1504231721','12','1','374'),
('2246','10,10,J,J','1504231742','11','1','374'),
('2247','Q,Q,K,K','1504231745','12','1','374'),
('2248','7','1504231755','12','1','374'),
('2249','5','1504232353','14','2','374'),
('2250','10','1504232481','9','2','374'),
('2251','K','1504232492','11','2','374'),
('2252','A','1504232500','12','2','374'),
('2253','9,10,J','1504232523','12','2','374'),
('2254','10,J,Q','1504232537','14','2','374'),
('2255','Q,K,A','1504232544','9','2','374'),
('2256','6,6,7,7','1504232557','9','2','374'),
('2257','8,8,9,9','1504232562','11','2','374'),
('2258','5,5,6,6','1504232571','11','2','374'),
('2259','7,7,8,8','1504232578','14','2','374'),
('2260','Q','1504232587','14','2','374'),
('2261','K','1504232593','9','2','374'),
('2262','A','1504232642','12','2','374'),
('2263','A','1504232657','12','2','374'),
('2264','K','1504232666','12','2','374'),
('2265','J','1504232675','12','2','374'),
('2266','Q','1504232680','9','2','374'),
('2267','5,6,7','1504233711','11','1','373'),
('2268','6,7,8','1504233719','14','1','373'),
('2269','9,10,J','1504233727','11','1','373'),
('2270','Q,K,A','1504233736','11','1','373'),
('2271','K','1504233744','11','1','373'),
('2272','5,5','1504233769','9','2','373'),
('2273','7,7','1504233775','14','2','373'),
('2274','8,8','1504233780','7','2','373'),
('2275','A,A','1504233784','11','2','373'),
('2276','6,6,7,7','1504233793','11','2','373'),
('2277','5','1504233801','11','2','373'),
('2278','6','1504233830','9','2','373'),
('2279','10','1504233835','14','2','373'),
('2280','A','1504233839','7','2','373'),
('2281','9,10,J,Q','1504233873','7','2','373'),
('2282','Q,Q','1504233881','7','2','373'),
('2283','K,K','1504233889','9','2','373'),
('2284','8,9,10,J','1504233897','9','2','373'),
('2285','A','1504233907','9','2','373'),
('2286','5,5,6,6','1504234232','7','3','373'),
('2287','J,J,Q,Q','1504234239','11','3','373'),
('2288','9,10,J','1504234248','11','3','373'),
('2289','10,J,Q','1504234278','14','3','373'),
('2290','A','1504234299','14','3','373'),
('2291','7','1504234317','14','3','373'),
('2292','8','1504234325','7','3','373'),
('2293','K','1504234337','9','3','373'),
('2294','A','1504234342','11','3','373'),
('2295','6','1504234353','11','3','373'),
('2296','10','1504234363','14','3','373'),
('2297','K','1504234367','7','3','373'),
('2298','A','1504234405','14','3','373'),
('2299','K','1504234414','14','3','373'),
('2300','A','1504234424','14','3','373'),
('2301','Q','1504234435','14','3','373'),
('2302','5,5,5,5','1504234463','14','4','373'),
('2303','Q,Q','1504234498','14','4','373'),
('2304','K,K','1504234512','9','4','373'),
('2305','8,9,10','1504234527','9','4','373'),
('2306','10,J,Q','1504234541','11','4','373'),
('2307','7,7,7','1504234552','11','4','373'),
('2308','A,A,A','1504234560','9','4','373'),
('2309','9,9','1504234569','9','4','373'),
('2310','5,6,7','1504235462','7','1','375'),
('2311','6,7,8','1504235506','9','1','375'),
('2312','Q,K,A','1504235512','12','1','375'),
('2313','8,8,9,9','1504235520','12','1','375'),
('2314','J,J,Q,Q','1504235524','14','1','375'),
('2315','6,7,8','1504235532','14','1','375'),
('2316','9,10,J','1504235536','7','1','375'),
('2317','10,J,Q','1504235546','9','1','375'),
('2318','K','1504235586','9','1','375'),
('2319','A','1504235591','12','1','375'),
('2320','5','1504235599','12','1','375'),
('2321','6','1504235606','14','1','375'),
('2322','A','1504235608','7','1','375'),
('2323','5,5','1504235616','7','1','375'),
('2324','K','1504235637','7','1','375'),
('2325','5','1504235658','14','2','375'),
('2326','6','1504235676','9','2','375'),
('2327','8','1504235689','7','2','375'),
('2328','Q','1504235696','12','2','375'),
('2329','A','1504235700','14','2','375'),
('2330','10,J,Q,K','1504235711','14','2','375'),
('2331','9,10,J','1504235725','14','2','375'),
('2332','10,J,Q','1504235746','7','2','375'),
('2333','7,8,9','1504235754','7','2','375'),
('2334','8,9,10','1504235761','12','2','375'),
('2335','7,7,7','1504235772','12','2','375'),
('2336','K,K','1504235780','12','2','375'),
('2337','A,A','1504235790','7','2','375'),
('2338','5','1504235798','7','2','375'),
('2339','5,6,7','1504253974','9','1','392'),
('2340','10,J,Q','1504253980','11','1','392'),
('2341','8,8,8,8','1504254000','13','1','392'),
('2342','6','1504254016','13','1','392'),
('2343','J','1504254033','9','1','392'),
('2344','K','1504254037','11','1','392'),
('2345','A','1504254041','7','1','392'),
('2346','9,9,10,10','1504254052','7','1','392'),
('2347','Q,Q,K,K','1504254060','9','1','392'),
('2348','9','1504254070','9','1','392'),
('2349','J','1504254076','11','1','392'),
('2350','Q','1504254087','7','1','392'),
('2351','A','1504254096','13','1','392'),
('2352','K','1504254104','13','1','392'),
('2353','A','1504254108','11','1','392'),
('2354','7,7','1504254117','11','1','392'),
('2355','A','1504254125','11','1','392'),
('2356','5','1504254134','11','1','392'),
('2357','5,6,7','1504254156','9','2','392'),
('2358','8,9,10','1504254166','11','2','392'),
('2359','Q,K,A','1504254171','7','2','392'),
('2360','5,6,7,8,9,10','1504254179','7','2','392'),
('2361','K','1504254187','7','2','392'),
('2362','5,5,6,6,7,7','1504254200','7','3','392'),
('2363','K,K,K,K','1504254209','9','3','392'),
('2364','10,10','1504254241','9','3','392'),
('2365','Q,Q','1504254248','11','3','392'),
('2366','A','1504254259','11','3','392'),
('2367','9,10,J','1504254267','11','3','392'),
('2368','6','1504254275','11','3','392'),
('2369','Q','1504254279','7','3','392'),
('2370','A','1504254285','11','3','392'),
('2371','A','1504254293','11','3','392'),
('2372','J','1504254301','11','3','392'),
('2373','5,5,5','1504254319','9','4','392'),
('2374','6,6,6','1504254323','11','4','392'),
('2375','A,A,A','1504254332','9','4','392'),
('2376','8,8','1504254345','9','4','392'),
('2377','10,10','1504254351','7','4','392'),
('2378','Q,Q','1504254355','13','4','392'),
('2379','9,9,10,10','1504254362','13','4','392'),
('2380','7','1504254370','13','4','392'),
('2381','K','1504254373','9','4','392'),
('2382','A','1504254379','13','4','392'),
('2383','K','1504254387','13','4','392'),
('2384','J','1504254395','13','4','392'),
('2385','5,5,6,6','1504254438','9','5','392'),
('2386','8,8,9,9','1504254442','11','5','392'),
('2387','5','1504254450','11','5','392'),
('2388','A','1504254456','7','5','392'),
('2389','10,10','1504254464','7','5','392'),
('2390','J,J','1504254472','9','5','392'),
('2391','K,K','1504254476','11','5','392'),
('2392','A,A','1504254479','7','5','392'),
('2393','Q,Q','1504254487','7','5','392'),
('2394','6,7,8','1504254495','7','5','392'),
('2395','5,5,5','1504254505','7','6','392'),
('2396','A,A,A','1504254511','13','6','392'),
('2397','6','1504254520','13','6','392'),
('2398','Q','1504254526','9','6','392'),
('2399','K','1504254529','11','6','392'),
('2400','A','1504254532','7','6','392'),
('2401','7,8,9,10,J,Q','1504254540','7','6','392'),
('2402','5,6,7,8','1504254557','11','7','392'),
('2403','9,9,9,9','1504254562','7','7','392'),
('2404','5','1504254571','7','7','392'),
('2405','K','1504254576','13','7','392'),
('2406','A','1504254581','9','7','392'),
('2407','J,J','1504254590','9','7','392'),
('2408','Q,Q','1504254597','13','7','392'),
('2409','5,6,7,8','1504254607','13','7','392'),
('2410','10,J,Q,K','1504254614','11','7','392'),
('2411','A','1504254622','11','7','392'),
('2412','7','1504254630','11','7','392'),
('2413','5,5,5','1504254640','9','8','392'),
('2414','6,6,6','1504254644','11','8','392'),
('2415','J,J,J','1504254650','13','8','392'),
('2416','9,9,9,9','1504254657','9','8','392'),
('2417','K','1504254666','9','8','392'),
('2418','A','1504254670','11','8','392'),
('2419','Q,Q,K,K','1504254678','11','8','392'),
('2420','A','1504254686','11','8','392'),
('2421','7','1504254695','11','8','392'),
('2422','5,6,7,8','1504254712','13','9','392'),
('2423','5','1504254720','13','9','392'),
('2424','K','1504254724','9','9','392'),
('2425','A','1504254727','11','9','392'),
('2426','6,6','1504254735','11','9','392'),
('2427','9,9','1504254740','7','9','392'),
('2428','10,10','1504254743','13','9','392'),
('2429','Q,Q','1504254747','9','9','392'),
('2430','K,K','1504254751','11','9','392'),
('2431','A,A','1504254754','7','9','392'),
('2432','6','1504254762','7','9','392'),
('2433','8','1504254764','13','9','392'),
('2434','9','1504254770','9','9','392'),
('2435','J','1504254772','11','9','392'),
('2436','Q','1504254775','7','9','392'),
('2437','K','1504254779','13','9','392'),
('2438','A','1504254786','11','9','392'),
('2439','10,10','1504254794','11','9','392'),
('2440','J,J','1504254796','7','9','392'),
('2441','J','1504254804','7','9','392'),
('2442','Q','1504254807','13','9','392'),
('2443','5,6,7,8','1504254825','7','10','392'),
('2444','8,9,10,J','1504254832','13','10','392'),
('2445','J,Q,K,A','1504254845','11','10','392'),
('2446','9,9,10,10','1504254853','11','10','392'),
('2447','Q,Q','1504254862','11','10','392'),
('2448','7,7,7','1504254954','11','1','393'),
('2449','Q,Q,Q','1504254961','13','1','393'),
('2450','7,8,9','1504254969','13','1','393'),
('2451','10,J,Q','1504254975','11','1','393'),
('2452','4','1504254983','11','1','393'),
('2453','6','1504254988','7','1','393'),
('2454','J','1504254992','13','1','393'),
('2455','A','1504255002','9','1','393'),
('2456','4,4','1504255014','9','1','393'),
('2457','8,8','1504255023','7','1','393'),
('2458','J,J','1504255036','9','1','393'),
('2459','K,K','1504255054','9','1','393'),
('2460','A','1504255062','9','1','393'),
('2461','6','1504255071','9','1','393'),
('2462','9','1504255079','11','1','393'),
('2463','K','1504255085','7','1','393'),
('2464','A','1504255091','11','1','393'),
('2465','5','1504255099','11','1','393'),
('2466','9,9','1504255115','11','2','393'),
('2467','10,10','1504255126','13','2','393'),
('2468','K,K','1504255130','9','2','393'),
('2469','A,A','1504255136','13','2','393'),
('2470','6','1504255147','13','2','393'),
('2471','J','1504255161','9','2','393'),
('2472','K','1504255163','11','2','393'),
('2473','A','1504255166','7','2','393'),
('2474','5,6,7,8,9,10,J','1504255177','7','2','393'),
('2475','7','1504255185','7','2','393'),
('2476','Q','1504255190','13','2','393'),
('2477','K','1504255197','7','2','393'),
('2478','4','1504255211','7','3','393'),
('2479','6','1504255217','13','3','393'),
('2480','9','1504255238','9','3','393'),
('2481','A','1504255241','11','3','393'),
('2482','9,9,9','1504255249','11','3','393'),
('2483','K,K,K','1504255253','7','3','393'),
('2484','7','1504255261','7','3','393'),
('2485','A','1504255263','13','3','393'),
('2486','5,5,5','1504255271','13','3','393'),
('2487','J,J,J','1504255275','9','3','393'),
('2488','Q,Q,Q','1504255277','11','3','393'),
('2489','5','1504255285','11','3','393'),
('2490','A','1504255288','7','3','393'),
('2491','6,6','1504255295','7','3','393'),
('2492','10,10','1504255299','13','3','393'),
('2493','4,4','1504255307','13','3','393'),
('2494','7,7','1504255337','9','3','393'),
('2495','8,8','1504255342','11','3','393'),
('2496','5,6,7,8,9,10','1504255375','11','4','393'),
('2497','K,K','1504255384','11','4','393'),
('2498','A,A','1504255389','13','4','393'),
('2499','4,5,6,7','1504255398','13','4','393'),
('2500','6','1504255407','13','4','393'),
('2501','A','1504255423','9','4','393'),
('2502','9,10,J','1504255443','9','4','393'),
('2503','5,5','1504255458','9','4','393'),
('2504','Q,Q','1504255465','7','4','393'),
('2505','4,4,4','1504255473','7','4','393'),
('2506','8,8,8','1504255482','7','4','393'),
('2507','7','1504255490','7','4','393'),
('2508','9','1504255499','13','4','393'),
('2509','K','1504255514','9','4','393'),
('2510','J','1504255530','9','4','393'),
('2511','Q','1504255535','11','4','393'),
('2512','K','1504255539','13','4','393'),
('2513','7','1504255547','13','4','393'),
('2514','5,6,7,8,9','1504255566','13','5','393'),
('2515','5','1504255574','13','5','393'),
('2516','A','1504255581','9','5','393'),
('2517','6,6','1504255590','9','5','393'),
('2518','8,8','1504255594','11','5','393'),
('2519','Q,Q','1504255599','7','5','393'),
('2520','K,K','1504255611','9','5','393'),
('2521','A,A','1504255614','11','5','393'),
('2522','5,5','1504255627','11','5','393'),
('2523','K,K','1504255638','7','5','393'),
('2524','4,4','1504255649','7','5','393'),
('2525','J,J','1504255655','13','5','393'),
('2526','8','1504255663','13','5','393'),
('2527','J','1504255670','9','5','393'),
('2528','A','1504255676','7','5','393'),
('2529','10','1504255687','7','5','393'),
('2530','Q','1504255690','13','5','393'),
('2531','4','1504255705','13','6','393'),
('2532','K','1504255734','9','6','393'),
('2533','A','1504255738','11','6','393'),
('2534','4,4','1504255746','11','6','393'),
('2535','A,A','1504255751','7','6','393'),
('2536','5,6,7,8','1504255759','7','6','393'),
('2537','7,8,9','1504255767','7','6','393'),
('2538','9,10,J','1504255771','13','6','393'),
('2539','Q,K,A','1504255778','11','6','393'),
('2540','Q','1504255787','11','6','393'),
('2541','K','1504255790','7','6','393'),
('2542','8,8,9,9','1504255805','7','7','393'),
('2543','4,4','1504255815','7','7','393'),
('2544','J,J','1504255821','13','7','393'),
('2545','A,A','1504255826','9','7','393'),
('2546','7,7','1504255839','9','7','393'),
('2547','K,K','1504255842','11','7','393'),
('2548','10,J,Q','1504255854','11','7','393'),
('2549','6,6','1504255865','11','7','393'),
('2550','8,8','1504255872','13','7','393'),
('2551','10,10','1504255878','11','7','393'),
('2552','A','1504255886','11','7','393'),
('2553','4','1504255896','11','8','393'),
('2554','5','1504255903','7','8','393'),
('2555','7','1504255908','13','8','393'),
('2556','A','1504255912','9','8','393'),
('2557','6,6,6,6','1504255916','11','8','393'),
('2558','J,Q,K','1504255924','11','8','393'),
('2559','Q,K,A','1504255933','13','8','393'),
('2560','4','1504255941','13','8','393'),
('2561','Q','1504255946','9','8','393'),
('2562','K','1504255950','7','8','393'),
('2563','8,8,9,9,10,10','1504255958','7','8','393'),
('2564','A','1504255966','7','8','393'),
('2565','J','1504255974','7','8','393'),
('2566','7,8,9,10,J,Q','1504255986','7','9','393'),
('2567','4,4','1504255995','7','9','393'),
('2568','9,9','1504255999','13','9','393'),
('2569','K,K','1504256004','9','9','393'),
('2570','A,A','1504256011','13','9','393'),
('2571','4,5,6','1504256019','13','9','393'),
('2572','5,6,7','1504256027','9','9','393'),
('2573','6,7,8','1504256032','11','9','393'),
('2574','8','1504256040','11','9','393'),
('2575','10','1504256043','7','9','393'),
('2576','J','1504256046','13','9','393'),
('2577','Q','1504256053','9','9','393'),
('2578','A','1504256060','11','9','393'),
('2579','K','1504256070','11','9','393'),
('2580','J','1504256082','11','9','393'),
('2581','Q','1504256087','7','9','393'),
('2582','4,5,6,7,8','1504256097','7','10','393'),
('2583','10,J,Q','1504256107','7','10','393'),
('2584','Q,K,A','1504256112','13','10','393'),
('2585','4,5,6','1504256120','13','10','393'),
('2586','7,8,9','1504256130','9','10','393'),
('2587','10,J,Q','1504256134','11','10','393'),
('2588','4','1504256141','11','10','393'),
('2589','8','1504256144','7','10','393'),
('2590','9','1504256149','13','10','393'),
('2591','A','1504256152','9','10','393'),
('2592','5','1504256166','9','10','393'),
('2593','A','1504256170','11','10','393'),
('2594','10','1504256179','11','10','393'),
('2595','J','1504256182','7','10','393');
DROP TABLE IF EXISTS edd_posts;
CREATE TABLE `edd_posts` (
  `id` bigint(20) unsigned NOT NULL AUTO_INCREMENT,
  `post_author` bigint(20) unsigned DEFAULT '0' COMMENT '发表者id',
  `post_keywords` varchar(150) DEFAULT '' COMMENT 'seo keywords',
  `post_source` varchar(150) DEFAULT NULL COMMENT '转载文章的来源',
  `post_date` varchar(255) DEFAULT '' COMMENT 'post发布日期',
  `post_content` longtext COMMENT 'post内容',
  `post_title` text COMMENT 'post标题',
  `post_excerpt` text COMMENT 'post摘要',
  `post_status` int(2) DEFAULT '0' COMMENT 'post状态，1已审核，0未审核,3删除',
  `comment_status` int(2) DEFAULT '1' COMMENT '评论状态，1允许，0不允许',
  `post_modified` varchar(255) DEFAULT '' COMMENT 'post更新时间，可在前台修改，显示给用户',
  `post_content_filtered` longtext,
  `post_parent` bigint(20) unsigned DEFAULT '0' COMMENT 'post的父级post id,表示post层级关系',
  `post_type` int(2) DEFAULT '1' COMMENT 'post类型，1文章,2页面',
  `post_mime_type` varchar(100) DEFAULT '',
  `comment_count` bigint(20) DEFAULT '0',
  `smeta` text COMMENT 'post的扩展字段，保存相关扩展属性，如缩略图；格式为json',
  `post_hits` int(11) DEFAULT '0' COMMENT 'post点击数，查看数',
  `post_like` int(11) DEFAULT '0' COMMENT 'post赞数',
  `istop` tinyint(1) NOT NULL DEFAULT '0' COMMENT '置顶 1置顶； 0不置顶',
  `recommended` tinyint(1) NOT NULL DEFAULT '0' COMMENT '推荐 1推荐 0不推荐',
  PRIMARY KEY (`id`),
  KEY `type_status_date` (`post_type`,`post_status`,`post_date`,`id`),
  KEY `post_parent` (`post_parent`),
  KEY `post_author` (`post_author`),
  KEY `post_date` (`post_date`) USING BTREE
) ENGINE=MyISAM AUTO_INCREMENT=11 DEFAULT CHARSET=utf8 COMMENT='Portal文章表';
INSERT INTO `edd_posts` VALUES 
('9','1','','','1503468380','','首页公告','跑得快手游即将上线，尽请期待吧！小伙伴们，再也不用在大夏天四处找茶馆，找牌桌，只要有流量，你就可以邀请你的小伙伴来畅玩，这个夏天你值得拥有的一款桌游。快去吃点西瓜，凉爽一下吧。','1','1','','','0','1','','0','{\"term_relation\":\"24\"}','0','0','0','0'),
('10','1','','','1501655311','','首页滚动','跑得快手游即将上线，尽请期待吧！小伙伴们，再也不用在大夏天四处找茶馆，找牌桌，只要有流量，你就可以邀请你的小伙伴来畅玩，这个夏天你值得拥有的一款桌游。','1','1','','','0','1','','0','{\"term_relation\":\"31\"}','0','0','0','0');
DROP TABLE IF EXISTS edd_profile;
CREATE TABLE `edd_profile` (
  `profile_id` int(11) NOT NULL AUTO_INCREMENT,
  `money` decimal(10,2) NOT NULL DEFAULT '0.00',
  `from_player_id` int(11) DEFAULT NULL COMMENT '玩家id',
  `date` varchar(255) DEFAULT NULL COMMENT '返利时间',
  `user_id` int(11) DEFAULT NULL COMMENT '用户id',
  `percent` varchar(255) DEFAULT NULL COMMENT '返利比例，例如10%',
  `pay_log_id` int(11) DEFAULT NULL COMMENT '充值单id',
  PRIMARY KEY (`profile_id`)
) ENGINE=MyISAM AUTO_INCREMENT=27 DEFAULT CHARSET=utf8 COMMENT='获得的返利';
INSERT INTO `edd_profile` VALUES 
('15','0.90','1','1502969815','41','0.03','32'),
('16','0.54','1','1503037361','41','0.03','33'),
('17','0.54','1','1503037363','41','0.03','34'),
('18','0.54','1','1503037364','41','0.03','35'),
('19','0.54','1','1503037364','41','0.03','36'),
('20','0.54','9','1503648846','41','0.03','123'),
('21','0.18','9','1503650877','41','0.03','137'),
('11','0.18','1','1501731992','41','0.03','24'),
('12','9.84','1','1501733044','41','0.03','25'),
('13','9.84','1','1501733046','41','0.03','26'),
('14','0.18','1','1501733093','41','0.03','27'),
('22','0.54','9','1503650882','41','0.03','138'),
('23','0.54','9','1503651030','41','0.03','139'),
('24','16.40','9','1503835915','2','0.05','140'),
('26','0.54','9','1503884476','41','0.03','142');
DROP TABLE IF EXISTS edd_rank;
CREATE TABLE `edd_rank` (
  `rank_id` int(11) NOT NULL AUTO_INCREMENT,
  `rank_name` varchar(255) DEFAULT NULL COMMENT '代理名称',
  `percent` int(11) unsigned NOT NULL DEFAULT '0' COMMENT '代理所获返利百分比',
  `self_account` int(11) unsigned NOT NULL DEFAULT '0' COMMENT '自己平台充钱百分比',
  `child_account` int(11) unsigned NOT NULL DEFAULT '0' COMMENT '下线充钱百分比',
  PRIMARY KEY (`rank_id`)
) ENGINE=MyISAM AUTO_INCREMENT=3 DEFAULT CHARSET=utf8 COMMENT='代理等级';
INSERT INTO `edd_rank` VALUES 
('1','一级代理','5','60','5'),
('2','二级代理','3','50','2');
DROP TABLE IF EXISTS edd_role;
CREATE TABLE `edd_role` (
  `id` int(11) unsigned NOT NULL AUTO_INCREMENT,
  `name` varchar(20) NOT NULL COMMENT '角色名称',
  `pid` smallint(6) DEFAULT NULL COMMENT '父角色ID',
  `status` tinyint(1) unsigned DEFAULT '0' COMMENT '0禁用 1开启',
  `remark` varchar(255) DEFAULT NULL COMMENT '备注',
  `create_time` int(11) unsigned NOT NULL DEFAULT '0' COMMENT '创建时间',
  `update_time` int(11) unsigned NOT NULL DEFAULT '0' COMMENT '更新时间',
  `listorder` int(3) NOT NULL DEFAULT '0' COMMENT '排序字段',
  `rules` text COMMENT '拥有的权限规则',
  `nav_list` varchar(255) DEFAULT NULL COMMENT '该角色对应首页导航',
  PRIMARY KEY (`id`),
  KEY `parentId` (`pid`),
  KEY `status` (`status`)
) ENGINE=MyISAM AUTO_INCREMENT=23 DEFAULT CHARSET=utf8 COMMENT='角色表';
INSERT INTO `edd_role` VALUES 
('1','超级管理员','0','1','拥有网站最高管理员权限！','1329633709','1503028643','0','216,305,218,310,309,308,217,307,306,249,346,331,304,322,252,330,329,321,320,319,250,312,311,211,318,317,316,265,267,325,324,323,266,315,314,313,347,336,337,344,345,328,327,326,334','345'),
('2','跑得快产品代理','0','1','该角色不要删除','1501558398','1503028736','0','335,328,327,326','335'),
('22','测试玩家','','1','','1503632971','1503633089','0','216,218,310,309,308,217,307,306,249,346,331,304,252,319,250,211,265,267,266,347,335,336,337,344,345,334','216');
DROP TABLE IF EXISTS edd_role_user;
CREATE TABLE `edd_role_user` (
  `role_user_id` int(11) NOT NULL AUTO_INCREMENT,
  `user_id` int(11) DEFAULT NULL,
  `role_id` int(11) DEFAULT NULL,
  PRIMARY KEY (`role_user_id`)
) ENGINE=MyISAM AUTO_INCREMENT=29 DEFAULT CHARSET=utf8;
INSERT INTO `edd_role_user` VALUES 
('14','39','2'),
('15','40','2'),
('16','2','2'),
('18','1','1'),
('19','41','2'),
('24','45','22');
DROP TABLE IF EXISTS edd_room;
CREATE TABLE `edd_room` (
  `room_id` int(11) NOT NULL AUTO_INCREMENT,
  `room_code` varchar(255) DEFAULT NULL COMMENT '房间号',
  `room_owner` int(11) DEFAULT NULL COMMENT '房间开创者',
  `round_times` varchar(255) DEFAULT NULL COMMENT '局数10（局）20（局）30（局）',
  `room_charge` int(11) DEFAULT NULL COMMENT '房间费(砖石个数3个，6个，9个砖石)',
  `double` tinyint(3) NOT NULL DEFAULT '0' COMMENT '0 不翻倍 1翻倍',
  `room_type` tinyint(3) NOT NULL DEFAULT '0' COMMENT '房间类型0黑桃5上庄 1 霸王庄 2随机庄(压牌) 3霸王庄(压牌)',
  `room_date` varchar(255) DEFAULT NULL COMMENT '房间创建时间',
  `del_time` varchar(255) NOT NULL DEFAULT '0' COMMENT '软删除',
  `showpoker` tinyint(3) DEFAULT '1' COMMENT '1展示扑克牌张数，0不显示',
  PRIMARY KEY (`room_id`)
) ENGINE=MyISAM AUTO_INCREMENT=395 DEFAULT CHARSET=utf8 COMMENT='房间';
INSERT INTO `edd_room` VALUES 
('392','000392','9','10','3','1','0','1504253705','1504254862','1'),
('393','000393','14','10','3','1','3','1504254924','1504256182','0');
DROP TABLE IF EXISTS edd_room_round;
CREATE TABLE `edd_room_round` (
  `relate_id` int(11) NOT NULL AUTO_INCREMENT,
  `room_id` int(11) DEFAULT NULL COMMENT '房间id',
  `round_id` int(11) DEFAULT NULL COMMENT '局数id',
  `round_start` varchar(255) DEFAULT NULL COMMENT '本局开始时间',
  `round_edd` varchar(255) DEFAULT NULL COMMENT '本局结束时间',
  `card_over_player_id` varchar(255) DEFAULT NULL COMMENT '第一个出完的palyer_id',
  `press_card` varchar(255) DEFAULT NULL COMMENT '压的牌的json_id',
  `all_player` varchar(255) DEFAULT NULL COMMENT '所有玩家id',
  PRIMARY KEY (`relate_id`)
) ENGINE=MyISAM AUTO_INCREMENT=191 DEFAULT CHARSET=utf8 COMMENT='房间和局数关联表';
INSERT INTO `edd_room_round` VALUES 
('1','83','','1502789886','1502789922','1','1',''),
('2','83','','1502789958','1502790082','3','1',''),
('3','92','0','1502793000','1502793151','2','0',''),
('4','92','','1502793163','1502793450','2','0',''),
('5','94','0','1502793879','1502793959','2','1',''),
('6','95','0','1502794401','1502794457','2','0',''),
('7','95','0','1502794526','1502794623','4','0',''),
('8','104','0','1502848928','1502849366','2','0',''),
('9','105','1','1502850171','1502850226','3','\"\"',''),
('10','105','2','1502850244','1502850315','1','\"\"',''),
('11','105','3','1502850370','1502850606','4','\"\"',''),
('12','105','4','1502850632','1502850708','1','null',''),
('13','105','5','1502850716','1502850766','3','null',''),
('14','105','6','1502850775','1502850803','1','null',''),
('15','106','1','1502851731','1502851823','4','[0,14,30,34]','[1,2,3,4]'),
('16','106','2','1502851833','1502851891','3','[3,13,22,33]','[1,2,3,4]'),
('17','106','3','1502851898','1502852060','4','[8,13,33,39]','[1,2,3,4]'),
('18','124','1','1502853685','1502853801','3','[3,5,13,43]','[1,2,3,4]'),
('19','123','1','1502853918','1502853984','3','[11,14,15,35]','[1,2,3,4]'),
('20','122','1','1502854340','1502855748','3','[1,4,11,16]','[1,2,3,4]'),
('21','122','1','1502855937','1502856064','1','[18,25,41,43]','[1,2,3,4]'),
('22','123','1','1502856116','1502856189','1','[11,32,42,43]','[1,2,3,4]'),
('23','114','1','1502856268','1502856307','3','null','[1,2,3,4]'),
('24','125','1','1502879268','1502879358','1','[5,17,19,41]','[\"3\",\"2\",\"4\",\"1\"]'),
('25','126','1','1502879784','1502879888','1','[6,9,21,22]','[\"3\",\"2\",\"4\",\"1\"]'),
('26','128','1','1502880027','1502880135','2','[1,6,22,34]','[\"1\",\"3\",\"2\",\"4\"]'),
('27','131','1','1502888552','1502888646','2','null','[\"1\",\"2\",\"3\",\"4\"]'),
('28','132','1','1502931773','1502931827','2','null','[\"4\",\"1\",\"3\",\"2\"]'),
('29','133','1','1502932102','1502932198','3','[0,11,25,38]','[\"4\",\"3\",\"1\",\"2\"]'),
('30','134','1','1502932546','1502932662','1','[10,11,22,29]','[\"4\",\"3\",\"1\",\"2\"]'),
('31','134','2','1502932670','1502933407','3','[16,17,21,24]','[\"4\",\"3\",\"1\",\"2\"]'),
('32','136','1','1502935335','1502935565','4','[10,33,40,42]','[\"4\",\"3\",\"1\",\"2\"]'),
('33','136','2','1502935571','1502935718','4','[17,19,25,32]','[\"4\",\"3\",\"1\",\"2\"]'),
('34','137','1','1502936343','1502936510','4','[8,20,21,34]','[\"4\",\"1\",\"3\",\"2\"]'),
('35','137','2','1502936516','1502936612','4','[14,18,21,34]','[\"4\",\"1\",\"3\",\"2\"]'),
('36','137','4','1502936621','1502936760','1','[6,15,16,28]','[\"4\",\"1\",\"3\",\"2\"]'),
('37','137','5','1502936766','1502936889','4','[3,12,23,42]','[\"3\",\"1\",\"4\",\"2\"]'),
('38','138','1','1502938725','1502938786','3','[10,19,25,31]','[\"1\",\"4\",\"2\",\"3\"]'),
('39','140','1','1502949443','1502949560','1','[1,3,5,35]','[\"1\",\"2\",\"3\",\"4\"]'),
('40','140','2','1502949632','1502949899','2','[4,8,9,28]','[\"1\",\"2\",\"3\",\"4\"]'),
('41','144','1','1502951730','1502951749','1','[12,16,18,36]','[\"4\",\"2\",\"1\",\"3\"]'),
('42','145','1','1502964087','1502964415','2','[1,16,22,32]','[\"4\",\"1\",\"2\",\"3\"]'),
('43','145','2','1502964423','1502964670','3','[5,18,24,27]','[\"4\",\"1\",\"3\",\"2\"]'),
('44','145','3','1502964699','1502965050','2','[8,19,25,35]','[\"1\",\"4\",\"2\",\"3\"]'),
('45','145','4','1502965263','1502965390','2','[11,23,24,37]','[\"2\",\"4\",\"1\",\"3\"]'),
('46','145','5','1502965411','1502965527','3','[10,14,27,29]','[\"3\",\"1\",\"4\",\"2\"]'),
('47','145','6','1502965534','1502965577','3','[4,6,9,31]','[\"3\",\"1\",\"4\",\"2\"]'),
('48','145','9','1502965589','1502965926','4','[11,28,34,42]','[\"3\",\"1\",\"4\",\"2\"]'),
('49','145','10','1502965939','1502966073','1','[4,25,32,37]','[\"4\",\"1\",\"2\",\"3\"]'),
('50','149','1','1503040711','1503040884','4','[17,24,39,43]','[\"2\",\"3\",\"4\",\"1\"]'),
('51','151','1','1503041479','1503041672','2','\"\"','[\"4\",\"1\",\"3\",\"2\"]'),
('52','151','2','1503041719','1503041922','3','\"\"','[\"4\",\"1\",\"3\",\"2\"]'),
('53','152','1','1503042610','1503043039','3','\"\"','[\"2\",\"3\",\"1\",\"4\"]'),
('54','152','2','1503043047','1503043224','3','\"\"','[\"2\",\"3\",\"1\",\"4\"]'),
('55','152','3','1503043233','1503043361','4','\"\"','[\"2\",\"3\",\"4\",\"1\"]'),
('56','152','4','1503043370','1503043438','2','\"\"','[\"2\",\"1\",\"3\",\"4\"]'),
('57','152','5','1503043456','1503043581','4','\"\"','[\"2\",\"1\",\"3\",\"4\"]'),
('58','152','6','1503043598','1503043622','4','\"\"','[\"2\",\"1\",\"3\",\"4\"]'),
('59','152','7','1503043628','1503043757','1','\"\"','[\"2\",\"1\",\"3\",\"4\"]'),
('60','152','8','1503043764','1503043808','4','\"\"','[\"2\",\"1\",\"3\",\"4\"]'),
('61','152','9','1503043812','1503044048','1','\"\"','[\"2\",\"1\",\"3\",\"4\"]'),
('62','152','10','1503044054','1503044096','2','\"\"','[\"3\",\"1\",\"4\",\"2\"]'),
('63','154','1','1503044946','1503045003','4','[5,10,11,26]','[\"1\",\"4\",\"2\",\"3\"]'),
('64','154','2','1503045155','1503045227','3','[11,16,29,37]','[\"3\",\"2\",\"1\",\"4\"]'),
('65','155','1','1503045418','1503045556','2','\"\"','[\"2\",\"4\",\"3\",\"1\"]'),
('66','155','2','1503045643','1503045685','2','\"\"','[\"3\",\"1\",\"4\",\"2\"]'),
('67','156','1','1503045738','1503045825','3','\"\"','[\"1\",\"2\",\"4\",\"3\"]'),
('68','156','2','1503045833','1503045942','3','\"\"','[\"1\",\"2\",\"4\",\"3\"]'),
('69','156','3','1503045950','1503046179','3','\"\"','[\"1\",\"2\",\"4\",\"3\"]'),
('70','156','4','1503046197','1503046568','1','\"\"','[\"1\",\"4\",\"3\",\"2\"]'),
('71','156','5','1503046580','1503046960','4','\"\"','[\"3\",\"1\",\"4\",\"2\"]'),
('72','156','6','1503046973','1503047337','2','\"\"','[\"4\",\"1\",\"2\",\"3\"]'),
('73','158','1','1503295554','1503295678','4','\"\"','[\"4\",\"2\",\"1\",\"3\"]'),
('74','158','2','1503295705','1503296393','3','\"\"','[\"4\",\"1\",\"3\",\"2\"]'),
('75','158','3','1503296410','1503296542','4','\"\"','[\"2\",\"4\",\"3\",\"1\"]'),
('76','158','4','1503296592','1503296684','2','\"\"','[\"2\",\"1\",\"4\",\"3\"]'),
('77','158','5','1503296709','1503296879','2','\"\"','[\"2\",\"1\",\"4\",\"3\"]'),
('78','158','6','1503297242','1503297333','3','\"\"','[\"4\",\"2\",\"3\",\"1\"]'),
('79','248','1','1503390355','1503390520','2','[6,14,25,40]','[\"3\",\"4\",\"2\",\"1\"]'),
('80','248','2','1503390532','1503390726','1','[5,17,31,34]','[\"3\",\"4\",\"2\",\"1\"]'),
('81','248','3','1503390736','1503390759','1','[0,18,21,37]','[\"3\",\"4\",\"2\",\"1\"]'),
('82','248','4','1503390767','1503390956','1','[1,3,30,41]','[\"3\",\"4\",\"2\",\"1\"]'),
('83','248','5','1503390991','1503391179','4','[3,8,18,19]','[\"4\",\"3\",\"2\",\"1\"]'),
('84','248','6','1503391187','1503391311','3','[3,7,35,38]','[\"2\",\"3\",\"4\",\"1\"]'),
('85','248','7','1503391318','1503391382','1','[8,22,25,38]','[\"2\",\"3\",\"4\",\"1\"]'),
('86','248','8','1503391386','1503391477','3','[0,4,6,13]','[\"2\",\"3\",\"4\",\"1\"]'),
('87','248','9','1503391493','1503391567','4','[4,14,20,25]','[\"2\",\"3\",\"4\",\"1\"]'),
('88','248','10','1503391574','1503391795','3','[19,30,39,41]','[\"2\",\"3\",\"4\",\"1\"]'),
('89','249','1','1503392471','1503392590','4','[12,28,32,43]','[\"2\",\"4\",\"3\",\"1\"]'),
('90','249','2','1503392595','1503392642','3','[11,23,26,36]','[\"2\",\"4\",\"3\",\"1\"]'),
('91','250','1','1503393008','1503393060','4','\"\"','[\"1\",\"2\",\"4\",\"3\"]'),
('92','250','2','1503393067','1503393153','1','\"\"','[\"1\",\"2\",\"4\",\"3\"]'),
('93','251','1','1503393229','1503393294','7','\"\"','[\"3\",\"7\",\"4\",\"2\"]'),
('94','251','2','1503393309','1503393408','2','\"\"','[\"3\",\"7\",\"4\",\"2\"]'),
('95','252','1','1503393827','1503394058','3','\"\"','[\"1\",\"4\",\"2\",\"3\"]'),
('96','252','2','1503394065','1503394182','3','\"\"','[\"1\",\"4\",\"2\",\"3\"]'),
('97','253','1','1503394727','1503394910','1','[12,35,37,38]','[\"4\",\"3\",\"1\",\"2\"]'),
('98','253','2','1503395000','1503395108','2','[19,22,29,33]','[\"4\",\"3\",\"1\",\"2\"]'),
('99','254','1','1503395189','1503395312','1','[2,6,21,41]','[\"3\",\"4\",\"2\",\"1\"]'),
('100','254','2','1503395453','1503395498','2','[3,17,25,28]','[\"1\",\"4\",\"2\",\"3\"]'),
('101','255','1','1503395624','1503395745','3','\"\"','[\"4\",\"3\",\"2\",\"1\"]'),
('102','255','2','1503395764','1503396121','4','\"\"','[\"1\",\"4\",\"2\",\"3\"]'),
('103','265','1','1503456352','1503456455','2','\"\"','[\"4\",\"2\",\"1\",\"3\"]'),
('104','265','2','1503456462','1503456647','4','\"\"','[\"4\",\"2\",\"1\",\"3\"]'),
('105','266','1','1503456740','1503456838','1','\"\"','[\"3\",\"4\",\"2\",\"1\"]'),
('106','267','1','1503456937','1503457134','1','\"\"','[\"4\",\"3\",\"2\",\"1\"]'),
('107','268','1','1503457783','1503457944','1','\"\"','[\"1\",\"3\",\"4\",\"2\"]'),
('108','268','2','1503457955','1503458085','4','\"\"','[\"1\",\"3\",\"4\",\"2\"]'),
('109','268','3','1503458094','1503458173','1','\"\"','[\"1\",\"3\",\"4\",\"2\"]'),
('110','268','4','1503458185','1503458298','2','\"\"','[\"1\",\"3\",\"4\",\"2\"]'),
('111','268','5','1503458303','1503458437','1','\"\"','[\"1\",\"3\",\"4\",\"2\"]'),
('112','268','6','1503458442','1503458573','1','\"\"','[\"1\",\"3\",\"4\",\"2\"]'),
('113','268','7','1503458577','1503458743','1','\"\"','[\"1\",\"3\",\"4\",\"2\"]'),
('114','268','8','1503458755','1503458919','4','\"\"','[\"1\",\"3\",\"4\",\"2\"]'),
('115','268','9','1503458946','1503459450','4','\"\"','[\"1\",\"3\",\"4\",\"2\"]'),
('116','268','10','1503459470','1503460194','4','\"\"','[\"1\",\"3\",\"4\",\"2\"]'),
('117','271','1','1503465256','1503465446','4','[6,10,15,38]','[\"4\",\"1\",\"3\",\"2\"]'),
('118','271','2','1503465454','1503465644','3','[16,22,42,43]','[\"4\",\"3\",\"1\",\"2\"]'),
('119','306','1','1503629977','1503630371','7','\"\"','[\"7\",\"13\",\"9\",\"12\"]'),
('120','306','2','1503630380','1503630560','13','\"\"','[\"12\",\"9\",\"7\",\"13\"]'),
('121','306','3','1503630571','1503630706','12','\"\"','[\"12\",\"9\",\"7\",\"13\"]'),
('122','306','4','1503630711','1503630941','13','\"\"','[\"12\",\"9\",\"7\",\"13\"]'),
('123','306','5','1503630954','1503631122','7','\"\"','[\"12\",\"9\",\"7\",\"13\"]'),
('124','306','6','1503631132','1503631279','9','\"\"','[\"12\",\"9\",\"7\",\"13\"]'),
('125','306','7','1503631286','1503631425','13','\"\"','[\"12\",\"9\",\"7\",\"13\"]'),
('126','306','8','1503631438','1503631565','9','\"\"','[\"12\",\"9\",\"7\",\"13\"]'),
('127','306','9','1503631573','1503631705','12','\"\"','[\"12\",\"9\",\"7\",\"13\"]'),
('128','306','10','1503631783','1503631873','12','\"\"','[\"12\",\"9\",\"7\",\"13\"]'),
('129','311','1','1503635567','1503635765','11','[8,9,12,38]','[\"9\",\"7\",\"11\",\"13\"]'),
('130','311','2','1503635775','1503635866','7','[17,19,32,34]','[\"9\",\"7\",\"11\",\"13\"]'),
('131','322','1','1503894229','1503894361','13','\"\"','[\"11\",\"9\",\"13\",\"14\"]'),
('132','327','1','1503970459','1503970570','11','\"\"','[\"14\",\"11\",\"9\",\"7\"]'),
('133','327','2','1503970577','1503970691','9','\"\"','[\"14\",\"11\",\"9\",\"7\"]'),
('134','327','3','1503970696','1503970837','14','\"\"','[\"14\",\"11\",\"9\",\"7\"]'),
('135','327','4','1503970844','1503970971','9','\"\"','[\"14\",\"11\",\"9\",\"7\"]'),
('136','327','5','1503970987','1503971210','14','\"\"','[\"14\",\"11\",\"9\",\"7\"]'),
('137','327','6','1503971219','1503971340','14','\"\"','[\"14\",\"11\",\"9\",\"7\"]'),
('138','327','7','1503971347','1503971488','11','\"\"','[\"14\",\"11\",\"9\",\"7\"]'),
('139','327','8','1503971494','1503971691','7','\"\"','[\"14\",\"11\",\"9\",\"7\"]'),
('140','327','9','1503971699','1503971795','11','\"\"','[\"14\",\"11\",\"9\",\"7\"]'),
('141','327','10','1503971799','1503971857','11','\"\"','[\"14\",\"11\",\"9\",\"7\"]'),
('142','340','1','1504058678','1504058921','7','\"\"','[\"11\",\"9\",\"7\",\"14\"]'),
('143','340','2','1504058930','1504059041','7','\"\"','[\"11\",\"9\",\"7\",\"14\"]'),
('144','340','3','1504059047','1504059157','14','\"\"','[\"11\",\"9\",\"7\",\"14\"]'),
('145','340','4','1504059164','1504059326','14','\"\"','[\"11\",\"9\",\"7\",\"14\"]'),
('146','340','5','1504059339','1504059475','14','\"\"','[\"11\",\"9\",\"7\",\"14\"]'),
('147','340','6','1504059482','1504060125','14','\"\"','[\"11\",\"9\",\"7\",\"14\"]'),
('148','340','7','1504060133','1504060285','7','\"\"','[\"14\",\"9\",\"7\",\"11\"]'),
('149','340','8','1504060291','1504060473','7','\"\"','[\"14\",\"9\",\"7\",\"11\"]'),
('150','340','9','1504060478','1504060534','7','\"\"','[\"14\",\"9\",\"11\",\"7\"]'),
('151','340','10','1504060537','1504060592','11','\"\"','[\"14\",\"9\",\"11\",\"7\"]'),
('152','341','1','1504066472','1504066616','9','\"\"','[\"7\",\"14\",\"9\",\"11\"]'),
('153','341','2','1504066625','1504066658','9','\"\"','[\"7\",\"14\",\"9\",\"11\"]'),
('154','341','8','1504066679','1504066856','7','\"\"','[\"7\",\"14\",\"9\",\"11\"]'),
('155','341','9','1504066863','1504066961','11','\"\"','[\"7\",\"14\",\"11\",\"9\"]'),
('156','341','10','1504066968','1504067061','11','\"\"','[\"7\",\"14\",\"9\",\"11\"]'),
('157','343','1','1504067121','1504067256','14','\"\"','[\"11\",\"14\",\"9\",\"7\"]'),
('158','343','2','1504067265','1504067458','7','\"\"','[\"11\",\"14\",\"9\",\"7\"]'),
('159','359','1','1504165672','1504166649','9','\"\"','[\"9\",\"11\",\"14\",\"7\"]'),
('160','370','1','1504173377','1504173782','14','\"\"','[\"11\",\"14\",\"9\",\"12\"]'),
('161','372','1','1504230484','1504230688','11','\"\"','[\"12\",\"11\",\"9\",\"14\"]'),
('162','372','2','1504230714','1504231080','11','\"\"','[\"12\",\"11\",\"9\",\"14\"]'),
('163','374','1','1504231683','1504231755','12','\"\"','[\"14\",\"9\",\"11\",\"12\"]'),
('164','374','2','1504231763','1504232680','9','\"\"','[\"14\",\"9\",\"11\",\"12\"]'),
('165','373','1','1504233706','1504233744','11','\"\"','[\"7\",\"11\",\"9\",\"14\"]'),
('166','373','2','1504233759','1504233907','9','\"\"','[\"7\",\"11\",\"9\",\"14\"]'),
('167','373','3','1504233998','1504234435','14','\"\"','[\"7\",\"9\",\"11\",\"14\"]'),
('168','373','4','1504234442','1504234569','9','\"\"','[\"9\",\"11\",\"14\",\"7\"]'),
('169','375','1','1504235166','1504235637','7','\"\"','[\"14\",\"7\",\"9\",\"12\"]'),
('170','375','2','1504235643','1504235798','7','\"\"','[\"7\",\"12\",\"14\",\"9\"]'),
('171','392','1','1504253954','1504254134','11','\"\"','[\"13\",\"9\",\"11\",\"7\"]'),
('172','392','2','1504254143','1504254187','7','\"\"','[\"13\",\"9\",\"11\",\"7\"]'),
('173','392','3','1504254191','1504254301','11','\"\"','[\"13\",\"9\",\"11\",\"7\"]'),
('174','392','4','1504254306','1504254395','13','\"\"','[\"13\",\"9\",\"11\",\"7\"]'),
('175','392','5','1504254408','1504254495','7','\"\"','[\"13\",\"9\",\"11\",\"7\"]'),
('176','392','6','1504254501','1504254540','7','\"\"','[\"13\",\"9\",\"11\",\"7\"]'),
('177','392','7','1504254551','1504254630','11','\"\"','[\"13\",\"9\",\"11\",\"7\"]'),
('178','392','8','1504254635','1504254695','11','\"\"','[\"13\",\"9\",\"11\",\"7\"]'),
('179','392','9','1504254705','1504254807','13','\"\"','[\"13\",\"9\",\"11\",\"7\"]'),
('180','392','10','1504254812','1504254862','11','\"\"','[\"13\",\"9\",\"11\",\"7\"]'),
('181','393','1','1504254945','1504255099','11','[4,5,19,22]','[\"11\",\"7\",\"13\",\"9\"]'),
('182','393','2','1504255108','1504255197','7','[11,15,32,41]','[\"11\",\"7\",\"13\",\"9\"]'),
('183','393','3','1504255205','1504255342','11','[6,8,12,40]','[\"11\",\"7\",\"13\",\"9\"]'),
('184','393','4','1504255369','1504255548','13','[0,35,36,37]','[\"11\",\"7\",\"13\",\"9\"]'),
('185','393','5','1504255559','1504255690','13','[7,13,26,27]','[\"11\",\"7\",\"13\",\"9\"]'),
('186','393','6','1504255696','1504255790','7','[2,3,20,36]','[\"11\",\"7\",\"13\",\"9\"]'),
('187','393','7','1504255799','1504255886','11','[2,9,18,24]','[\"11\",\"7\",\"13\",\"9\"]'),
('188','393','8','1504255890','1504255974','7','[11,23,27,43]','[\"11\",\"7\",\"13\",\"9\"]'),
('189','393','9','1504255978','1504256088','7','[0,2,16,25]','[\"11\",\"7\",\"13\",\"9\"]'),
('190','393','10','1504256092','1504256182','7','[13,17,18,23]','[\"11\",\"7\",\"13\",\"9\"]');
DROP TABLE IF EXISTS edd_round;
CREATE TABLE `edd_round` (
  `run_id` int(11) NOT NULL AUTO_INCREMENT COMMENT '回合id',
  `player_id` int(11) DEFAULT NULL COMMENT '玩家id',
  `room_id` int(11) DEFAULT NULL COMMENT '该回合对应房间id',
  `score` varchar(11) NOT NULL DEFAULT '0' COMMENT '最后结算所有回合',
  `is_chuntian` tinyint(3) NOT NULL DEFAULT '0' COMMENT '0不是春天 1是春天',
  `is_single` tinyint(3) NOT NULL DEFAULT '0' COMMENT '0没有报单 1报单',
  `single_date` varchar(255) DEFAULT NULL COMMENT '报单时间',
  `cards` varchar(255) DEFAULT NULL COMMENT '本轮拿到的手牌json_id',
  `round_id` int(11) DEFAULT NULL,
  PRIMARY KEY (`run_id`)
) ENGINE=MyISAM AUTO_INCREMENT=799 DEFAULT CHARSET=utf8 COMMENT='回合记录';
INSERT INTO `edd_round` VALUES 
('1','3','39','0','0','0','','[10,21,20,31,7,6,38,25,1,12]',''),
('2','1','53','0','0','1','1502764793','[31,41,6,5,27,2,12,0,11,22]',''),
('3','1','59','0','0','0','','[18,29,40,17,27,15,3,2,35,34]','1'),
('4','3','59','0','0','1','1502779590','[9,19,7,26,37,25,36,13,23,33]','1'),
('5','4','59','0','0','1','1502779571','[20,31,8,41,6,5,4,14,12,22]','1'),
('6','2','59','0','0','1','1502779581','[42,30,28,39,16,38,24,1,0,11]','1'),
('7','1','59','0','0','0','','[18,29,40,17,27,15,3,2,35,34]','1'),
('8','3','59','0','0','1','1502779590','[9,19,7,26,37,25,36,13,23,33]','1'),
('9','4','59','0','0','1','1502779571','[20,31,8,41,6,5,4,14,12,22]','1'),
('10','2','59','0','0','1','1502779581','[42,30,28,39,16,38,24,1,0,11]','1'),
('11','3','75','0','0','0','','[43,20,31,30,7,16,4,14,1,33]','1'),
('12','2','75','0','0','1','1502784948','[17,27,26,37,3,25,2,13,11,22]','1'),
('13','4','75','0','0','0','','[21,32,8,41,18,29,6,39,35,23]','1'),
('14','1','75','0','0','0','','[10,9,40,28,5,38,15,12,34,0]','1'),
('15','1','78','0','0','0','','[8,30,29,28,39,16,27,24,35,12]','1'),
('16','2','78','0','0','1','1502786539','[9,31,42,41,40,38,15,3,13,33]','1'),
('17','3','78','0','0','1','1502786591','[7,18,6,14,36,2,23,34,11,22]','1'),
('18','4','78','0','0','1','1502786582','[20,19,17,5,4,26,37,25,1,0]','1'),
('19','3','83','0','0','0','','[43,20,31,7,17,16,14,36,24,23]','1'),
('20','2','83','0','0','0','','[32,8,18,29,5,27,26,37,2,1]','1'),
('21','1','83','0','0','0','','[42,30,40,39,38,15,25,12,34,22]','1'),
('22','4','83','0','0','0','','[10,21,41,28,4,3,13,35,11,33]','1'),
('23','3','83','0','0','1','1502790062','[9,20,30,40,6,39,38,15,36,2]','2'),
('24','2','83','0','0','0','','[10,32,7,29,27,14,13,23,34,0]','2'),
('25','1','83','0','0','0','','[43,31,42,41,26,37,3,1,12,11]','2'),
('26','4','83','0','0','0','','[18,17,28,5,16,4,24,35,22,33]','2'),
('27','2','92','0','0','0','','[9,42,41,5,16,38,15,25,13,11]','1'),
('28','3','92','0','0','0','','[20,7,6,17,27,4,3,2,12,34]','1'),
('29','1','92','0','0','1','1502793139','[31,8,30,18,28,37,14,24,1,33]','1'),
('30','4','92','0','0','0','','[19,29,40,39,26,36,35,23,0,22]','1'),
('31','2','92','0','0','1','1502793443','[42,30,41,6,28,16,26,14,0,22]','2'),
('32','3','92','0','0','0','','[9,8,40,27,37,3,25,2,1,34]','2'),
('33','1','92','0','0','1','1502793427','[20,29,5,38,4,15,13,12,11,33]','2'),
('34','4','92','0','0','1','1502793400','[31,19,7,18,17,39,36,24,35,23]','2'),
('35','3','94','0','0','0','','[43,20,42,41,18,28,37,25,12,23]','1'),
('36','2','94','0','0','1','1502793953','[9,17,39,4,15,26,13,35,22,33]','1'),
('37','4','94','0','0','0','','[10,32,8,6,5,16,27,14,1,11]','1'),
('38','1','94','0','0','0','','[21,31,30,7,29,38,3,2,24,34]','1'),
('39','4','95','0','0','0','','[20,42,18,29,5,26,34,11,22,33]','1'),
('40','1','95','0','0','0','','[19,30,7,40,6,16,27,37,3,23]','1'),
('41','2','95','0','0','1','1502794427','[9,31,8,41,25,36,13,24,35,12]','1'),
('42','3','95','0','0','0','','[17,28,39,38,4,15,14,2,1,0]','1'),
('43','4','95','0','0','1','1502794615','[31,19,17,15,37,3,14,2,1,12]','2'),
('44','1','95','0','0','0','','[8,30,41,40,28,27,4,25,23,34]','2'),
('45','2','95','0','0','0','','[20,42,6,39,16,38,36,13,24,22]','2'),
('46','3','95','0','0','0','','[9,7,18,29,5,26,35,0,11,33]','2'),
('47','4','104','0','0','0','','[9,30,41,7,18,5,26,2,34,11]','1'),
('48','3','104','0','0','1','1502849255','[8,6,39,16,15,3,25,13,24,33]','1'),
('49','1','104','0','0','0','','[42,29,40,28,38,4,36,35,12,0]','1'),
('50','2','104','0','0','1','1502849360','[20,31,19,17,27,37,14,1,23,22]','1'),
('51','4','105','-4','0','0','','[31,41,18,17,38,14,25,0,11,22]','1'),
('52','2','105','-5','0','0','','[8,40,28,39,16,37,13,35,12,33]','1'),
('53','1','105','-20','0','0','','[20,42,19,30,7,29,26,2,23,34]','1'),
('54','3','105','29','0','0','','[9,6,5,27,4,15,3,36,24,1]','1'),
('55','4','105','-13','0','0','','[41,7,16,27,4,37,14,1,12,34]','2'),
('56','2','105','-10','0','0','','[20,42,8,40,6,13,24,35,11,22]','2'),
('57','1','105','-6','0','0','','[19,18,17,39,5,38,26,36,0,33]','2'),
('58','3','105','29','0','1','1502850278','[9,31,30,29,28,15,3,25,2,23]','2'),
('59','4','105','3','0','1','1502850564','[42,16,27,4,14,36,13,12,0,22]','3'),
('60','2','105','-17','0','0','','[20,19,6,39,38,15,37,35,34,11]','3'),
('61','1','105','-13','0','0','','[9,31,8,7,29,40,17,28,26,24]','3'),
('62','3','105','27','0','0','','[30,41,18,5,3,25,2,1,23,33]','3'),
('63','4','105','-5','0','0','','[8,17,5,16,27,37,3,25,13,34]','4'),
('64','2','105','-19','0','0','','[9,42,19,7,18,39,4,26,12,0]','4'),
('65','1','105','5','0','1','1502850702','[31,30,15,14,2,24,23,11,22,33]','4'),
('66','3','105','19','0','0','','[20,41,29,40,6,28,38,36,35,1]','4'),
('67','4','105','-10','0','0','','[9,31,41,6,17,5,26,37,34,11]','5'),
('68','2','105','-27','0','0','','[19,7,27,38,4,3,14,25,1,33]','5'),
('69','1','105','-2','0','0','','[20,42,29,40,28,16,15,36,35,12]','5'),
('70','3','105','39','0','1','1502850761','[8,30,18,39,2,13,24,23,0,22]','5'),
('71','4','105','0','0','0','','[29,40,6,27,4,15,37,14,36,33]','6'),
('72','2','105','0','0','0','','[42,30,17,28,39,38,26,3,2,1]','6'),
('73','1','105','0','0','1','1502850798','[9,31,8,41,25,13,24,12,23,11]','6'),
('74','3','105','0','0','0','','[20,19,7,18,5,16,35,34,0,22]','6'),
('75','2','106','0','0','1','1502851814','[20,40,17,28,39,3,25,13,11,22]','1'),
('76','3','106','0','0','0','','[43,8,29,5,15,37,36,24,1,33]','1'),
('77','4','106','0','0','0','','[32,9,19,41,18,38,4,26,2,35]','1'),
('78','1','106','0','0','0','','[10,21,31,42,7,6,16,27,12,23]','1'),
('79','2','106','0','0','0','','[9,42,41,7,5,4,15,14,23,0]','2'),
('80','3','106','0','0','1','1502851885','[43,20,30,29,6,38,1,12,34,11]','2'),
('81','4','106','0','0','0','','[21,19,16,27,26,37,25,2,24,35]','2'),
('82','1','106','0','0','0','','[10,32,31,8,18,40,17,28,39,36]','2'),
('83','2','106','0','0','0','','[32,20,31,41,5,16,3,14,2,1]','3'),
('84','3','106','0','0','0','','[10,7,18,40,6,17,27,15,26,25]','3'),
('85','4','106','0','0','0','','[21,19,30,38,4,36,35,12,34,22]','3'),
('86','1','106','0','0','0','','[43,9,42,29,28,37,24,23,0,11]','3'),
('87','4','109','-2','0','0','','[21,20,19,41,7,29,37,34,0,22]','1'),
('88','3','109','13','0','1','1502853787','[9,6,28,16,4,15,1,12,23,11]','1'),
('89','2','109','-4','0','0','','[10,42,30,17,39,27,14,25,35,33]','1'),
('90','1','109','-7','0','0','','[32,31,8,18,40,38,26,36,2,24]','1'),
('91','3','110','10','0','1','1502853978','[21,19,7,6,16,4,26,3,2,34]','1'),
('92','2','110','-2','0','0','','[32,43,8,29,39,38,37,25,1,12]','1'),
('93','4','110','-5','0','0','','[10,9,20,30,41,18,5,27,36,13]','1'),
('94','1','110','-3','0','0','','[31,42,40,17,28,24,23,0,22,33]','1'),
('95','2','111','-7','0','0','','[10,8,19,7,18,29,6,37,3,24]','1'),
('96','1','111','-5','0','0','','[43,20,40,28,25,2,13,12,34,22]','1'),
('97','3','111','17','0','0','','[21,31,30,17,39,38,15,26,14,23]','1'),
('98','4','111','-5','0','0','','[32,9,42,41,5,27,36,35,0,33]','1'),
('99','2','121','0','0','1','1502856056','[21,8,40,17,28,27,24,35,1,11]','1'),
('100','1','121','9','0','1','1502856058','[20,30,29,6,39,4,26,36,12,22]','1'),
('101','3','121','-2','0','0','','[32,19,7,16,37,2,13,34,0,33]','1'),
('102','4','121','-7','0','0','','[10,9,31,42,5,38,15,3,14,23]','1'),
('103','2','122','-2','0','0','','[10,19,41,28,5,2,13,35,1,0]','1'),
('104','4','122','-2','0','0','','[9,20,18,38,37,3,14,36,12,23]','1'),
('105','3','122','-4','0','0','','[21,31,8,30,6,27,4,26,34,22]','1'),
('106','1','122','8','0','1','1502856184','[7,29,40,17,39,16,15,25,24,33]','1'),
('107','2','123','-9','0','0','','[31,19,18,16,27,26,3,14,24,33]','1'),
('108','4','123','-9','0','0','','[42,8,40,6,17,38,2,35,23,0]','1'),
('109','3','123','27','0','1','1502856301','[9,41,7,29,28,5,37,12,11,22]','1'),
('110','1','123','-9','0','0','','[20,30,39,4,15,25,36,13,1,34]','1'),
('111','3','125','0','0','1','1502879340','[42,39,16,27,38,36,13,24,12,33]','1'),
('112','2','125','-8','0','0','','[10,32,9,20,30,40,6,14,25,23]','1'),
('113','4','125','-4','0','0','','[21,43,31,7,18,4,2,1,34,22]','1'),
('114','1','125','12','0','1','1502879322','[8,29,28,15,26,37,3,35,0,11]','1'),
('115','3','126','-3','0','0','','[31,41,18,29,40,38,14,12,23,34]','1'),
('116','2','126','-4','0','0','','[10,43,7,17,26,3,36,2,13,1]','1'),
('117','4','126','-2','0','0','','[32,8,19,30,16,15,35,0,11,33]','1'),
('118','1','126','9','0','1','1502879882','[20,42,28,39,5,27,4,37,25,24]','1'),
('119','1','128','-5','0','0','','[9,20,40,39,27,38,25,13,23,0]','1'),
('120','3','128','-4','0','0','','[43,42,17,15,26,37,3,36,2,12]','1'),
('121','2','128','16','0','1','1502880129','[8,30,41,28,5,16,4,24,35,33]','1'),
('122','4','128','-7','0','0','','[10,21,32,31,19,7,18,29,14,11]','1'),
('123','1','131','-3','0','0','','[29,40,6,28,38,15,26,24,11,33]','1'),
('124','2','131','14','0','1','1502888639','[42,8,19,18,17,16,4,14,1,34]','1'),
('125','3','131','-4','0','0','','[31,30,41,3,36,2,35,12,23,0]','1'),
('126','4','131','-7','0','0','','[9,20,7,39,5,27,37,25,13,22]','1'),
('127','4','132','-20','0','0','','[41,17,28,5,16,3,2,24,23,33]','1'),
('128','1','132','-20','0','0','','[20,31,40,27,38,14,36,35,34,0]','1'),
('129','3','132','-20','0','0','','[30,7,6,39,37,13,1,12,11,22]','1'),
('130','2','132','60','0','1','1502931819','[9,42,8,19,18,29,4,15,26,25]','1'),
('131','4','133','-7','0','0','','[10,29,6,17,4,15,36,24,34,22]','1'),
('132','3','133','24','0','1','1502932188','[32,9,8,7,18,39,5,27,23,33]','1'),
('133','1','133','-8','0','0','','[20,31,41,28,16,26,37,35,1,12]','1'),
('134','2','133','-9','0','0','','[21,43,42,19,30,40,3,14,2,13]','1'),
('135','4','134','-8','0','0','','[21,42,18,4,37,3,14,13,24,34]','1'),
('136','3','134','-7','0','0','','[31,39,16,15,26,35,1,12,23,33]','1'),
('137','1','134','23','0','1','1502932655','[43,9,19,40,6,28,27,38,36,0]','1'),
('138','2','134','-8','0','0','','[32,20,8,30,41,7,17,5,25,2]','1'),
('139','4','134','-2','0','0','','[42,18,29,28,38,26,2,23,0,11]','2'),
('140','3','134','2','0','1','1502933401','[43,9,20,8,27,25,36,1,12,34]','2'),
('141','1','134','0','0','1','1502933217','[10,19,30,6,39,5,15,14,13,22]','2'),
('142','2','134','0','0','1','1502933390','[32,31,41,7,40,4,37,3,35,33]','2'),
('143','4','136','6','0','1','1502935559','[21,7,6,28,39,27,38,4,36,24]','1'),
('144','3','136','-2','0','0','','[32,43,19,30,5,15,26,14,13,0]','1'),
('145','1','136','0','0','1','1502935530','[31,8,41,18,37,3,1,12,11,22]','1'),
('146','2','136','-4','0','0','','[9,20,29,17,16,25,2,35,23,34]','1'),
('147','4','136','8','0','1','1502935711','[10,42,8,6,39,5,3,14,35,1]','2'),
('148','3','136','-3','0','0','','[21,43,9,18,38,15,37,2,24,11]','2'),
('149','1','136','-3','0','0','','[31,30,41,7,29,28,16,27,0,33]','2'),
('150','2','136','-2','0','0','','[20,40,4,26,36,13,12,23,34,22]','2'),
('151','4','137','14','0','1','1502936438','[10,31,42,19,7,40,17,16,4,26]','1'),
('152','1','137','-6','0','0','','[9,41,29,6,15,37,3,14,36,23]','1'),
('153','3','137','-5','0','0','','[43,30,28,39,27,25,2,24,1,33]','1'),
('154','2','137','-3','0','0','','[32,18,5,38,13,35,12,0,11,22]','1'),
('155','4','137','14','0','0','','[32,20,41,6,5,26,25,24,0,33]','2'),
('156','1','137','-5','0','0','','[31,29,28,39,27,37,3,36,1,23]','2'),
('157','3','137','-9','0','0','','[10,43,42,7,38,4,2,13,35,22]','2'),
('158','2','137','0','0','1','1502936603','[9,8,19,30,40,17,16,15,12,11]','2'),
('159','4','137','-2','0','0','','[20,31,8,39,26,14,13,12,0,33]','4'),
('160','1','137','9','0','1','1502936720','[9,42,7,40,5,36,2,35,1,34]','4'),
('161','3','137','0','0','1','1502936730','[21,32,27,4,37,3,25,23,11,22]','4'),
('162','2','137','-7','0','0','','[10,43,19,30,41,18,29,17,38,24]','4'),
('163','3','137','-2','0','0','','[32,9,41,29,40,27,2,13,22,33]','5'),
('164','1','137','-2','0','0','','[43,18,6,5,16,38,15,14,35,11]','5'),
('165','4','137','11','0','1','1502936882','[20,31,8,19,17,28,36,1,34,0]','5'),
('166','2','137','-7','0','0','','[10,21,30,7,39,4,26,37,25,24]','5'),
('167','3','137','-18','0','0','','[21,43,8,7,29,37,13,1,12,34]','6'),
('168','1','137','70','0','1','1502936960','[30,40,4,3,24,23,0,11,22,33]','6'),
('169','4','137','-26','0','0','','[32,9,41,6,17,27,38,26,14,25]','6'),
('170','2','137','-26','0','0','','[10,20,31,42,19,18,39,15,36,35]','6'),
('171','3','137','4','0','1','1502937872','[32,8,30,4,14,25,23,34,11,33]','7'),
('172','4','137','-17','0','0','','[43,9,42,19,7,18,40,39,36,2]','7'),
('173','1','137','27','0','0','','[10,21,41,6,28,38,26,37,13,35]','7'),
('174','2','137','-14','0','0','','[20,31,17,16,27,15,3,1,12,0]','7'),
('175','1','137','67','0','1','1502938231','[20,8,19,29,40,6,23,34,11,22]','8'),
('176','4','137','-19','0','0','','[32,9,31,17,5,26,14,36,35,33]','8'),
('177','2','137','-18','0','0','','[10,30,7,27,15,37,24,1,12,0]','8'),
('178','3','137','-30','0','0','','[21,42,41,18,28,16,38,4,2,13]','8'),
('179','3','137','2','0','1','1502938429','[19,28,26,14,25,36,13,35,11,22]','9'),
('180','2','137','-13','0','0','','[31,7,40,15,37,3,24,12,34,33]','9'),
('181','1','137','23','0','0','','[32,43,20,42,41,18,17,5,27,23]','9'),
('182','4','137','-12','0','0','','[10,21,9,8,30,29,6,39,16,0]','9'),
('183','2','137','-10','0','1','1502938674','[42,7,17,28,4,26,2,23,11,22]','10'),
('184','4','137','-15','0','0','','[10,43,31,18,40,6,38,37,24,33]','10'),
('185','1','137','38','0','1','1502938667','[9,8,30,16,27,15,36,13,35,34]','10'),
('186','3','137','-13','0','0','','[32,20,19,41,39,5,3,14,25,12]','10'),
('187','1','138','-5','0','0','','[21,41,17,28,26,24,1,23,0,33]','1'),
('188','4','138','-8','0','0','','[20,7,40,6,5,38,4,37,3,35]','1'),
('189','2','138','-20','0','0','','[32,9,8,18,29,39,27,15,13,12]','1'),
('190','3','138','33','0','1','1502938780','[43,42,30,16,14,36,2,34,11,22]','1'),
('191','1','140','13','0','0','','[32,9,8,16,13,24,12,34,0,11]','1'),
('192','2','140','-3','0','0','','[21,30,18,6,28,27,15,2,23,22]','1'),
('193','3','140','-7','0','0','','[10,20,31,42,7,29,40,17,39,25]','1'),
('194','4','140','-3','0','0','','[43,19,41,38,4,26,37,14,36,33]','1'),
('195','1','140','-2','0','0','','[32,42,7,18,6,17,5,27,3,11]','2'),
('196','2','140','2','0','1','1502949890','[19,29,16,38,26,36,13,24,35,34]','2'),
('197','3','140','0','0','1','1502949857','[21,43,31,30,41,15,2,12,0,22]','2'),
('198','4','140','0','0','1','1502949881','[10,20,40,39,37,14,25,1,23,33]','2'),
('199','4','144','-20','0','0','','[10,31,8,30,4,26,3,14,1,22]','1'),
('200','2','144','-20','0','0','','[43,20,29,17,28,37,2,35,23,34]','1'),
('201','1','144','60','0','1','1502951740','[32,9,42,19,7,39,27,15,25,13]','1'),
('202','3','144','-20','0','0','','[21,41,40,6,5,38,24,0,11,33]','1'),
('203','4','145','-2','0','0','','[9,19,41,18,40,17,3,24,0,11]','1'),
('204','1','145','0','0','1','1502964239','[42,8,30,7,29,4,2,35,23,34]','1'),
('205','2','145','2','0','1','1502964406','[10,21,43,31,6,27,14,13,12,33]','1'),
('206','3','145','0','0','1','1502964331','[20,28,39,5,38,15,26,37,25,36]','1'),
('207','4','145','-4','0','0','','[43,7,6,17,4,37,13,34,0,11]','2'),
('208','1','145','-7','0','0','','[10,9,19,38,3,25,36,35,1,23]','2'),
('209','3','145','11','0','1','1502964636','[21,20,42,41,29,39,15,12,22,33]','2'),
('210','2','145','0','0','1','1502964612','[32,31,8,30,40,28,16,26,14,2]','2'),
('211','1','145','0','0','1','1502965024','[32,9,30,7,5,16,4,3,14,12]','3'),
('212','4','145','0','0','1','1502965034','[10,43,31,29,6,17,38,37,24,22]','3'),
('213','2','145','2','0','0','','[20,42,18,40,39,15,26,36,23,0]','3'),
('214','3','145','-2','0','0','','[21,41,28,27,2,13,1,34,11,33]','3'),
('215','2','145','11','0','1','1502965380','[9,8,19,40,28,16,14,13,34,0]','4'),
('216','4','145','-2','0','0','','[10,31,30,18,38,4,15,25,36,2]','4'),
('217','1','145','-6','0','0','','[32,41,7,6,5,27,26,3,1,33]','4'),
('218','3','145','-3','0','0','','[21,43,20,42,29,17,39,35,12,22]','4'),
('219','3','145','18','0','0','','[8,18,17,28,5,38,37,23,34,11]','5'),
('220','1','145','-4','0','0','','[20,30,4,26,3,2,35,1,0,33]','5'),
('221','4','145','-9','0','0','','[32,9,31,41,6,39,15,25,13,22]','5'),
('222','2','145','-5','0','0','','[21,43,42,19,7,40,16,36,24,12]','5'),
('223','3','145','36','0','1','1502965568','[10,43,41,28,27,15,25,35,11,33]','6'),
('224','1','145','-8','0','0','','[21,8,18,29,17,5,38,12,0,22]','6'),
('225','4','145','-8','0','0','','[42,19,7,37,3,14,36,24,23,34]','6'),
('226','2','145','-20','0','0','','[32,20,30,40,39,16,26,2,13,1]','6'),
('227','3','145','-7','0','0','','[21,32,43,9,19,16,4,25,2,1]','9'),
('228','1','145','-8','0','0','','[8,41,7,40,17,38,37,3,14,36]','9'),
('229','4','145','17','0','1','1502965917','[10,20,31,29,26,13,12,23,0,22]','9'),
('230','2','145','-2','0','0','','[30,18,6,39,5,27,15,24,35,33]','9'),
('231','4','145','-3','0','0','','[9,18,29,39,5,38,3,35,12,23]','10'),
('232','1','145','11','0','1','1502966049','[21,31,19,41,28,27,15,36,34,11]','10'),
('233','2','145','0','0','1','1502966055','[30,7,40,6,26,14,13,24,1,0]','10'),
('234','3','145','-8','0','0','','[10,43,20,42,8,17,16,2,22,33]','10'),
('235','2','149','-10','0','1','1503040855','[21,31,6,4,25,36,35,1,23,22]','1'),
('236','3','149','-10','0','1','1503040820','[10,8,19,41,5,27,15,12,11,33]','1'),
('237','4','149','-2','0','1','1503040875','[32,9,42,30,26,37,14,2,34,0]','1'),
('238','1','149','22','0','0','','[20,7,18,29,40,28,16,38,3,13]','1'),
('239','4','151','-16','0','0','','[31,30,27,38,37,25,24,35,12,23]','1'),
('240','1','151','-10','0','1','1503041655','[7,40,16,26,3,36,1,34,0,11]','1'),
('241','3','151','26','0','0','','[20,8,19,41,6,17,28,39,4,2]','1'),
('242','2','151','0','0','0','','[9,42,18,29,5,15,14,13,22,33]','1'),
('243','4','151','-2','0','0','','[19,30,7,18,38,15,13,1,34,22]','2'),
('244','1','151','0','0','1','1503041907','[31,8,28,39,14,36,23,0,11,33]','2'),
('245','3','151','9','0','1','1503041912','[9,41,40,5,16,27,4,37,25,12]','2'),
('246','2','151','-7','0','0','','[20,42,29,6,17,26,3,2,24,35]','2'),
('247','2','152','0','0','1','1503042749','[41,7,18,27,37,3,12,23,34,22]','1'),
('248','3','152','0','0','0','','[8,40,6,17,16,38,15,14,25,35]','1'),
('249','1','152','0','0','1','1503043006','[9,20,42,30,29,5,4,26,13,0]','1'),
('250','4','152','0','0','1','1503042819','[31,19,28,39,36,2,24,1,11,33]','1'),
('251','2','152','-8','0','0','','[42,8,19,18,29,16,4,35,12,34]','2'),
('252','3','152','18','0','1','1503043215','[9,30,38,3,13,24,23,0,11,22]','2'),
('253','1','152','-7','0','0','','[20,41,7,28,39,5,27,37,25,2]','2'),
('254','4','152','-3','0','0','','[31,40,6,17,15,26,14,36,1,33]','2'),
('255','2','152','0','0','1','1503043308','[9,29,4,37,14,25,2,13,1,22]','3'),
('256','3','152','-4','0','0','','[8,7,18,6,17,16,15,24,35,0]','3'),
('257','4','152','12','0','1','1503043352','[19,30,28,27,26,36,23,34,11,33]','3'),
('258','1','152','-8','0','0','','[20,31,42,41,40,39,5,38,3,12]','3'),
('259','2','152','70','0','1','1503043428','[38,4,15,3,14,2,24,35,12,23]','4'),
('260','1','152','-50','0','0','','[31,18,29,40,6,17,27,36,1,34]','4'),
('261','3','152','-50','0','0','','[20,42,19,30,41,28,5,16,26,37]','4'),
('262','4','152','30','0','1','1503043408','[9,8,7,39,25,13,0,11,22,33]','4'),
('263','2','152','-2','0','0','','[39,27,3,14,36,2,1,23,0,22]','5'),
('264','1','152','-7','0','0','','[42,8,41,7,6,28,38,4,15,12]','5'),
('265','3','152','-8','0','0','','[20,18,29,40,17,26,37,25,13,11]','5'),
('266','4','152','17','0','1','1503043572','[9,31,19,30,5,16,24,35,34,33]','5'),
('267','2','152','-20','0','0','','[9,40,17,39,5,27,37,3,36,23]','6'),
('268','1','152','-20','0','0','','[20,8,38,15,14,2,24,12,0,11]','6'),
('269','3','152','-20','0','0','','[31,42,19,30,7,29,6,4,1,34]','6'),
('270','4','152','60','0','1','1503043613','[41,18,28,16,26,25,13,35,22,33]','6'),
('271','2','152','0','0','1','1503043745','[18,39,38,4,15,26,14,25,24,1]','7'),
('272','1','152','23','0','1','1503043749','[42,19,7,28,27,13,35,34,11,33]','7'),
('273','3','152','-20','0','0','','[9,31,30,29,40,6,17,3,2,22]','7'),
('274','4','152','-3','0','0','','[20,8,41,5,16,37,36,12,23,0]','7'),
('275','2','152','-20','0','0','','[42,30,41,18,39,38,15,37,13,1]','8'),
('276','1','152','-6','0','0','','[9,40,17,28,5,16,14,36,2,34]','8'),
('277','3','152','-6','0','0','','[20,31,19,7,27,4,26,3,25,11]','8'),
('278','4','152','32','0','0','','[8,29,6,24,35,12,23,0,22,33]','8'),
('279','2','152','-2','0','0','','[20,31,7,6,17,38,4,1,34,33]','9'),
('280','1','152','10','0','1','1503044035','[9,18,29,37,3,36,13,24,23,11]','9'),
('281','3','152','-6','0','0','','[19,41,40,39,5,16,27,26,2,35]','9'),
('282','4','152','-2','0','0','','[42,8,30,28,15,14,25,12,0,22]','9'),
('283','3','152','-20','0','0','','[9,31,30,6,25,13,23,34,11,33]','10'),
('284','1','152','-8','0','0','','[20,42,7,18,17,27,38,36,35,12]','10'),
('285','4','152','-8','0','0','','[19,41,40,28,5,15,26,3,24,1]','10'),
('286','2','152','36','0','1','1503044087','[8,29,39,16,4,37,14,2,0,22]','10'),
('287','1','154','-9','0','0','','[9,20,40,6,3,25,2,13,1,23]','1'),
('288','4','154','32','0','1','1503044994','[28,16,27,4,14,24,35,34,22,33]','1'),
('289','2','154','-3','0','0','','[21,42,19,30,7,17,38,36,12,0]','1'),
('290','3','154','-20','0','0','','[32,43,31,8,41,18,29,39,15,37]','1'),
('291','3','154','14','0','0','','[7,6,28,39,5,4,2,35,12,23]','2'),
('292','2','154','-4','0','0','','[10,43,20,18,17,38,15,25,13,33]','2'),
('293','1','154','-8','0','0','','[9,42,8,19,30,27,26,3,1,22]','2'),
('294','4','154','-2','0','0','','[21,32,31,41,40,14,36,24,34,0]','2'),
('295','2','155','16','0','1','1503045548','[9,8,5,26,37,36,13,24,35,11]','1'),
('296','4','155','-8','0','0','','[31,42,30,7,29,6,15,14,12,34]','1'),
('297','3','155','-5','0','0','','[20,18,17,28,16,27,38,3,25,22]','1'),
('298','1','155','-3','0','0','','[19,41,40,39,4,2,1,23,0,33]','1'),
('299','3','155','-9','0','0','','[19,30,17,39,37,36,35,1,12,34]','2'),
('300','1','155','-9','0','0','','[9,29,6,26,14,25,2,0,11,33]','2'),
('301','4','155','-9','0','0','','[20,31,42,41,18,16,27,4,24,23]','2'),
('302','2','155','27','0','1','1503045676','[8,7,40,28,5,38,15,3,13,22]','2'),
('303','1','156','-3','0','0','','[20,42,8,41,28,4,13,34,22,33]','1'),
('304','2','156','-7','0','0','','[9,19,40,27,15,26,14,1,12,23]','1'),
('305','4','156','-3','0','0','','[7,18,6,39,38,37,36,2,0,11]','1'),
('306','3','156','13','0','1','1503045817','[31,30,29,17,5,16,3,25,24,35]','1'),
('307','1','156','-50','0','0','','[8,41,7,29,27,26,2,1,12,23]','2'),
('308','2','156','22','0','0','','[9,31,18,6,17,28,39,25,36,22]','2'),
('309','4','156','-50','0','0','','[42,19,30,40,5,38,15,37,35,33]','2'),
('310','3','156','78','0','1','1503045933','[20,16,4,3,14,13,24,34,0,11]','2'),
('311','1','156','-7','0','0','','[18,29,38,15,14,24,12,23,34,11]','3'),
('312','2','156','-20','0','0','','[20,42,8,19,6,17,28,5,22,33]','3'),
('313','4','156','-6','0','0','','[31,30,39,4,3,2,13,35,1,0]','3'),
('314','3','156','33','0','1','1503046153','[9,41,7,40,16,27,26,37,25,36]','3'),
('315','1','156','34','0','1','1503046560','[31,42,41,40,6,16,25,24,23,33]','4'),
('316','4','156','-20','0','0','','[8,17,28,39,37,3,36,1,0,11]','4'),
('317','3','156','-7','0','0','','[20,30,7,29,27,38,4,13,12,34]','4'),
('318','2','156','-7','0','0','','[9,19,18,5,15,26,14,2,35,22]','4'),
('319','3','156','-9','0','0','','[20,31,8,16,27,26,14,36,12,33]','5'),
('320','1','156','-2','0','0','','[9,6,15,3,25,13,24,1,23,34]','5'),
('321','4','156','20','0','1','1503046947','[42,7,18,40,17,28,39,38,0,11]','5'),
('322','2','156','-9','0','0','','[19,30,41,29,5,4,37,2,35,22]','5'),
('323','4','156','0','0','1','1503047310','[8,19,30,18,17,39,16,26,35,0]','6'),
('324','1','156','0','0','1','1503047314','[20,7,40,6,28,14,36,2,13,1]','6'),
('325','2','156','2','0','1','1503047327','[42,41,27,38,15,37,25,24,12,34]','6'),
('326','3','156','-2','0','0','','[9,31,29,5,4,3,23,11,22,33]','6'),
('327','4','158','16','0','1','1503295669','[9,30,17,39,38,4,3,1,0,22]','1'),
('328','2','158','-6','0','0','','[42,41,7,40,16,26,13,12,23,33]','1'),
('329','1','158','-7','0','0','','[20,29,28,5,27,37,14,36,35,34]','1'),
('330','3','158','-3','0','0','','[31,8,19,18,6,15,25,2,24,11]','1'),
('331','4','158','-5','0','0','','[41,29,16,37,3,14,36,24,12,23]','2'),
('332','1','158','-3','0','0','','[8,30,18,6,28,15,26,25,35,11]','2'),
('333','3','158','16','0','1','1503295783','[9,31,42,17,27,4,2,13,0,22]','2'),
('334','2','158','-8','0','0','','[20,19,7,40,39,5,38,1,34,33]','2'),
('335','2','158','-9','0','0','','[20,31,42,30,6,15,26,3,24,22]','3'),
('336','4','158','21','0','0','','[41,18,28,16,27,38,14,25,36,0]','3'),
('337','3','158','-6','0','0','','[9,8,7,29,40,39,2,13,12,11]','3'),
('338','1','158','-6','0','0','','[19,17,5,4,37,35,1,23,34,33]','3'),
('339','2','158','9','0','1','1503296675','[20,31,19,30,26,2,13,24,1,23]','4'),
('340','1','158','0','0','1','1503296629','[41,29,6,28,5,4,36,34,0,33]','4'),
('341','4','158','-9','0','0','','[8,7,18,40,39,16,15,35,12,22]','4'),
('342','3','158','0','0','1','1503296660','[9,42,17,27,38,37,3,14,25,11]','4'),
('343','2','158','94','0','1','1503296857','[20,41,7,6,17,28,39,36,11,22]','5'),
('344','1','158','-50','0','0','','[30,18,5,38,15,37,13,12,23,34]','5'),
('345','4','158','-22','0','0','','[8,16,27,4,14,25,2,24,35,0]','5'),
('346','3','158','-22','0','0','','[9,31,42,19,29,40,26,3,1,33]','5'),
('347','4','158','-3','0','0','','[9,42,19,30,4,15,36,13,12,11]','6'),
('348','2','158','-6','0','0','','[20,41,7,18,40,6,28,5,27,2]','6'),
('349','3','158','12','0','1','1503297292','[8,29,39,16,38,26,3,35,34,33]','6'),
('350','1','158','-3','0','0','','[31,17,37,14,25,24,1,23,0,22]','6'),
('351','3','248','0','0','1','1503390489','[21,32,43,19,7,18,38,4,36,22]','1'),
('352','4','248','-2','0','0','','[10,20,39,5,16,26,3,35,0,33]','1'),
('353','2','248','9','0','1','1503390511','[9,8,29,28,37,2,13,23,34,11]','1'),
('354','1','248','-7','0','0','','[31,42,30,41,17,27,15,24,1,12]','1'),
('355','3','248','0','0','1','1503390628','[42,18,6,16,26,37,36,13,12,22]','2'),
('356','4','248','0','0','1','1503390701','[43,9,20,29,27,38,24,1,11,33]','2'),
('357','2','248','-3','0','0','','[10,19,30,41,4,15,14,35,23,0]','2'),
('358','1','248','3','0','1','1503390716','[21,32,8,7,40,28,39,3,25,2]','2'),
('359','3','248','-20','0','0','','[10,43,9,6,16,25,13,35,23,22]','3'),
('360','4','248','-20','0','0','','[32,8,41,7,39,27,4,15,2,11]','3'),
('361','2','248','-20','0','0','','[31,42,29,17,5,3,36,1,12,33]','3'),
('362','1','248','60','0','1','1503390747','[20,19,30,40,28,38,26,14,24,34]','3'),
('363','3','248','-4','0','0','','[10,21,31,39,16,26,2,24,34,22]','4'),
('364','4','248','-3','0','0','','[43,7,18,40,6,27,4,14,36,35]','4'),
('365','2','248','-8','0','0','','[32,8,29,17,28,5,38,37,25,12]','4'),
('366','1','248','15','0','1','1503390946','[9,20,42,19,15,13,23,0,11,33]','4'),
('367','4','248','7','0','1','1503391170','[10,43,30,41,40,4,25,24,1,33]','5'),
('368','3','248','-4','0','0','','[21,9,7,29,17,37,14,13,35,34]','5'),
('369','2','248','0','0','1','1503391156','[31,42,6,39,27,38,26,12,0,22]','5'),
('370','1','248','-3','0','0','','[32,20,28,5,16,15,36,2,23,11]','5'),
('371','2','248','-8','0','0','','[21,32,20,31,42,29,28,16,37,23]','6'),
('372','3','248','15','0','1','1503391301','[43,19,30,6,5,15,13,1,34,0]','6'),
('373','4','248','-3','0','0','','[9,41,18,40,17,39,4,36,22,33]','6'),
('374','1','248','-4','0','0','','[10,8,27,26,14,25,2,24,12,11]','6'),
('375','2','248','-8','0','0','','[43,30,41,29,40,15,26,2,23,11]','7'),
('376','3','248','-2','0','0','','[31,42,7,28,16,3,24,35,1,33]','7'),
('377','4','248','-5','0','0','','[21,32,9,18,6,17,5,4,36,12]','7'),
('378','1','248','15','0','0','','[10,20,19,39,27,37,14,13,34,0]','7'),
('379','2','248','-24','0','0','','[31,19,30,18,5,27,3,25,2,11]','8'),
('380','3','248','20','0','1','1503391469','[32,43,9,41,15,26,37,24,35,33]','8'),
('381','4','248','-20','0','0','','[10,21,20,8,29,40,17,28,39,36]','8'),
('382','1','248','24','0','0','','[42,7,16,38,14,1,12,23,34,22]','8'),
('383','2','248','-9','0','0','','[42,18,29,40,15,3,13,24,34,11]','9'),
('384','3','248','-2','0','0','','[30,17,5,16,26,36,2,35,1,0]','9'),
('385','4','248','20','0','1','1503391559','[21,32,43,9,31,8,19,27,22,33]','9'),
('386','1','248','-9','0','0','','[10,41,7,6,28,39,38,37,12,23]','9'),
('387','2','248','-4','0','0','','[21,18,38,26,37,3,14,2,35,12]','10'),
('388','3','248','8','0','1','1503391786','[42,8,28,5,16,25,13,1,23,22]','10'),
('389','4','248','-2','0','0','','[10,32,9,20,31,40,6,4,36,11]','10'),
('390','1','248','-2','0','0','','[43,7,29,17,27,15,24,34,0,33]','10'),
('391','2','249','-3','0','0','','[21,9,30,18,29,40,37,3,25,24]','1'),
('392','4','249','10','0','1','1503392581','[10,31,8,7,6,26,13,35,1,23]','1'),
('393','3','249','-4','0','0','','[20,19,41,39,38,4,15,34,0,33]','1'),
('394','1','249','-3','0','0','','[42,17,5,16,27,14,36,2,11,22]','1'),
('395','2','249','-9','0','0','','[10,30,7,29,6,4,37,25,2,12]','2'),
('396','4','249','-9','0','0','','[43,20,42,8,3,13,24,35,34,22]','2'),
('397','3','249','27','0','1','1503392633','[18,40,17,39,5,16,27,14,0,33]','2'),
('398','1','249','-9','0','0','','[21,32,9,31,19,41,28,38,15,1]','2'),
('399','1','250','-9','0','0','','[42,8,41,28,5,2,23,34,22,33]','1'),
('400','2','250','-9','0','0','','[31,30,7,17,27,38,15,14,24,12]','1'),
('401','4','250','27','0','1','1503393051','[9,6,4,26,3,36,13,35,0,11]','1'),
('402','3','250','-9','0','0','','[20,19,18,29,40,39,16,37,25,1]','1'),
('403','1','250','10','0','1','1503393145','[18,29,28,16,15,26,37,25,35,22]','2'),
('404','2','250','-7','0','0','','[42,30,6,17,27,38,4,3,14,0]','2'),
('405','4','250','0','0','1','1503393085','[20,41,7,40,2,13,24,12,23,34]','2'),
('406','3','250','-3','0','0','','[9,31,8,19,39,5,36,1,11,33]','2'),
('407','3','251','4','0','0','','[42,29,5,16,27,38,3,14,25,12]','1'),
('408','7','251','46','0','0','','[18,37,36,13,35,23,34,0,22,33]','1'),
('409','4','251','-30','0','0','','[9,31,8,19,41,40,4,2,1,11]','1'),
('410','2','251','-20','0','0','','[20,30,7,6,17,28,39,15,26,24]','1'),
('411','3','251','-8','0','0','','[31,41,29,16,27,3,14,1,12,22]','2'),
('412','7','251','-3','0','0','','[20,28,5,4,26,37,25,36,34,33]','2'),
('413','4','251','-8','0','0','','[8,30,7,40,39,15,13,24,35,23]','2'),
('414','2','251','19','0','1','1503393399','[9,42,19,18,6,17,38,2,0,11]','2'),
('415','1','252','0','0','1','1503393887','[20,42,18,6,28,38,26,14,24,0]','1'),
('416','4','252','-3','0','0','','[9,31,19,29,17,39,5,25,2,11]','1'),
('417','2','252','0','0','1','1503394048','[8,16,4,15,3,36,35,1,23,33]','1'),
('418','3','252','3','0','1','1503393981','[30,41,7,40,27,37,13,12,34,22]','1'),
('419','1','252','-28','0','0','','[20,42,8,18,4,14,2,1,23,22]','2'),
('420','4','252','26','0','0','','[31,19,6,17,28,39,27,15,13,35]','2'),
('421','2','252','-20','0','0','','[9,5,16,3,25,36,24,12,34,33]','2'),
('422','3','252','22','0','1','1503394174','[30,41,7,29,40,38,26,37,0,11]','2'),
('423','4','253','0','0','1','1503394863','[10,21,20,29,6,17,27,26,36,2]','1'),
('424','3','253','0','0','1','1503394895','[32,43,19,41,15,25,24,1,11,33]','1'),
('425','1','253','6','0','1','1503394853','[9,8,30,40,14,13,23,34,0,22]','1'),
('426','2','253','-6','0','0','','[31,42,7,18,28,39,5,16,4,3]','1'),
('427','4','253','-2','0','0','','[32,8,17,16,4,15,3,1,23,11]','2'),
('428','3','253','-6','0','0','','[43,20,41,7,18,5,27,37,24,12]','2'),
('429','1','253','0','0','1','1503395083','[21,31,42,38,26,2,13,35,34,0]','2'),
('430','2','253','8','0','0','','[10,9,30,40,6,28,39,14,25,36]','2'),
('431','3','254','-5','0','0','','[32,9,31,7,18,38,26,3,23,0]','1'),
('432','4','254','0','0','1','1503395226','[43,20,19,30,40,39,16,27,4,1]','1'),
('433','2','254','0','0','1','1503395300','[8,17,28,5,15,14,25,36,22,33]','1'),
('434','1','254','5','0','1','1503395304','[10,42,29,37,13,24,35,12,34,11]','1'),
('435','1','254','-6','0','0','','[31,42,19,7,6,39,5,15,26,11]','2'),
('436','4','254','-6','0','0','','[32,9,29,40,38,4,36,13,1,33]','2'),
('437','2','254','32','0','1','1503395486','[10,20,30,18,27,37,14,35,34,22]','2'),
('438','3','254','-20','0','0','','[21,43,8,41,16,2,24,12,23,0]','2'),
('439','4','255','-3','0','0','','[8,30,28,38,25,36,35,1,11,33]','1'),
('440','3','255','16','0','1','1503395705','[9,31,40,4,26,3,14,2,23,22]','1'),
('441','2','255','-7','0','0','','[19,18,17,39,5,15,37,13,24,12]','1'),
('442','1','255','-6','0','0','','[20,42,41,7,29,6,16,27,34,0]','1'),
('443','1','255','-20','0','0','','[42,8,41,29,39,15,3,14,25,35]','2'),
('444','4','255','46','0','0','','[20,19,40,38,26,36,2,13,23,33]','2'),
('445','2','255','-20','0','0','','[9,31,18,28,27,37,24,1,12,34]','2'),
('446','3','255','-6','0','0','','[30,7,6,17,5,16,4,0,11,22]','2'),
('447','4','265','-7','0','0','','[9,20,42,7,18,27,38,3,14,2]','1'),
('448','2','265','18','0','1','1503456446','[19,40,17,28,15,36,24,35,34,33]','1'),
('449','1','265','-4','0','0','','[31,41,16,4,25,1,12,23,11,22]','1'),
('450','3','265','-7','0','0','','[8,30,29,6,39,5,26,37,13,0]','1'),
('451','4','265','10','0','1','1503456612','[8,40,28,5,16,3,14,24,1,23]','2'),
('452','2','265','-2','0','0','','[9,20,41,6,25,2,35,12,34,22]','2'),
('453','1','265','-5','0','0','','[42,7,17,39,27,4,26,37,13,11]','2'),
('454','3','265','-3','0','0','','[31,19,30,18,29,38,15,36,0,33]','2'),
('455','3','266','-5','0','0','','[20,8,7,29,6,14,36,35,12,33]','1'),
('456','4','266','-5','0','0','','[31,18,39,5,16,26,37,24,34,0]','1'),
('457','2','266','-5','0','0','','[9,42,19,30,17,4,15,25,2,11]','1'),
('458','1','266','15','0','1','1503456829','[41,40,28,27,38,3,13,1,23,22]','1'),
('459','4','267','0','0','1','1503457089','[9,20,40,39,15,26,37,35,1,23]','1'),
('460','3','267','0','0','1','1503457122','[41,6,17,5,27,38,36,13,24,34]','1'),
('461','2','267','0','0','1','1503457130','[42,19,30,7,18,28,14,2,12,33]','1'),
('462','1','267','0','0','1','1503457069','[31,8,29,16,4,3,25,0,11,22]','1'),
('463','1','268','0','0','0','','[42,8,7,6,16,14,25,2,35,1]','1'),
('464','3','268','0','0','1','1503457836','[20,41,40,27,38,4,37,23,0,22]','1'),
('465','4','268','0','0','1','1503457930','[19,30,29,39,15,26,3,24,12,33]','1'),
('466','2','268','0','0','1','1503457901','[9,31,18,17,28,5,36,13,34,11]','1'),
('467','1','268','0','0','1','1503458012','[19,41,16,27,15,14,13,1,23,0]','2'),
('468','3','268','-2','0','0','','[9,18,29,17,39,5,4,26,37,35]','2'),
('469','4','268','6','0','1','1503458040','[31,8,30,7,6,38,3,36,24,11]','2'),
('470','2','268','-4','0','0','','[20,42,40,28,25,2,12,34,22,33]','2'),
('471','1','268','20','0','1','1503458165','[42,29,3,14,36,1,12,23,0,33]','3'),
('472','3','268','-9','0','0','','[20,19,30,18,40,6,13,24,34,22]','3'),
('473','4','268','-2','0','0','','[9,31,8,7,28,39,16,26,35,11]','3'),
('474','2','268','-9','0','0','','[41,17,5,27,38,4,15,37,25,2]','3'),
('475','1','268','-7','0','0','','[20,31,18,6,28,39,16,14,34,0]','4'),
('476','3','268','-2','0','0','','[8,19,7,26,37,25,36,2,13,1]','4'),
('477','4','268','-8','0','0','','[9,42,30,29,5,27,38,3,35,22]','4'),
('478','2','268','17','0','1','1503458289','[41,40,17,4,15,24,12,23,11,33]','4'),
('479','1','268','42','0','1','1503458428','[19,6,5,16,27,38,37,2,35,1]','5'),
('480','3','268','-18','0','0','','[31,42,41,40,28,4,26,13,24,23]','5'),
('481','4','268','-12','0','0','','[9,29,17,15,14,36,34,0,11,22]','5'),
('482','2','268','-12','0','0','','[20,8,30,7,18,39,3,25,12,33]','5'),
('483','1','268','-3','0','1','1503458520','[29,40,17,27,37,35,1,12,0,22]','6'),
('484','3','268','-12','0','0','','[9,7,18,5,4,14,36,2,23,33]','6'),
('485','4','268','27','0','0','','[8,19,30,41,28,39,26,3,34,11]','6'),
('486','2','268','-12','0','0','','[20,31,42,6,16,38,15,25,13,24]','6'),
('487','1','268','32','0','1','1503458731','[8,7,18,29,40,17,39,16,24,34]','7'),
('488','3','268','-10','0','1','1503458736','[27,26,37,14,25,36,1,23,22,33]','7'),
('489','4','268','-12','0','0','','[9,19,30,6,5,15,35,12,0,11]','7'),
('490','2','268','-10','0','1','1503458726','[20,31,42,41,28,38,4,3,2,13]','7'),
('491','1','268','0','0','1','1503458872','[20,7,29,16,2,13,12,34,11,33]','8'),
('492','3','268','0','0','1','1503458860','[31,42,40,6,38,26,25,36,35,23]','8'),
('493','4','268','0','0','1','1503458910','[19,30,41,18,17,5,15,3,14,1]','8'),
('494','2','268','0','0','1','1503458892','[9,8,28,39,27,4,37,24,0,22]','8'),
('495','1','268','0','0','1','1503459230','[9,31,19,18,39,5,16,27,36,34]','9'),
('496','3','268','-10','0','1','1503459234','[30,7,40,17,38,4,37,13,22,33]','9'),
('497','4','268','0','0','1','1503459239','[20,42,29,3,14,2,24,35,1,23]','9'),
('498','2','268','0','0','1','1503459050','[8,41,6,28,15,26,25,12,0,11]','9'),
('499','1','268','-7','0','0','','[19,41,7,29,5,16,26,3,25,36]','10'),
('500','3','268','-2','0','0','','[31,18,40,39,4,15,37,1,23,33]','10'),
('501','4','268','13','0','1','1503459584','[20,6,17,27,2,13,24,12,34,11]','10'),
('502','2','268','-4','0','0','','[9,42,8,30,28,38,14,35,0,22]','10'),
('503','4','271','12','0','0','','[21,41,7,18,29,16,27,36,2,35]','1'),
('504','1','271','-3','0','0','','[43,9,31,8,40,4,26,12,34,22]','1'),
('505','3','271','-4','0','0','','[32,42,28,3,14,25,13,24,23,0]','1'),
('506','2','271','-5','0','0','','[20,19,30,17,39,5,37,1,11,33]','1'),
('507','4','271','0','0','1','1503465563','[10,21,32,20,8,19,30,17,1,12]','2'),
('508','3','271','9','0','1','1503465588','[9,18,28,27,15,36,24,23,34,11]','2'),
('509','1','271','-6','0','0','','[31,7,29,40,6,39,25,2,35,0]','2'),
('510','2','271','-3','0','0','','[41,5,38,4,26,37,3,14,13,33]','2'),
('511','7','306','7','0','1','1503630307','[8,19,30,7,18,17,5,4,14,2]','1'),
('512','13','306','-2','0','0','','[9,31,40,28,27,38,25,13,35,22]','1'),
('513','9','306','-2','0','0','','[42,41,6,16,15,37,1,12,0,33]','1'),
('514','12','306','-3','0','0','','[20,29,39,26,3,36,24,23,34,11]','1'),
('515','12','306','0','0','1','1503630553','[9,8,41,29,6,27,38,15,25,23]','2'),
('516','9','306','-4','0','0','','[31,42,30,17,26,36,24,12,34,33]','2'),
('517','7','306','-2','0','0','','[20,19,7,18,40,16,4,37,3,11]','2'),
('518','13','306','6','0','1','1503630549','[28,39,5,14,2,13,35,1,0,22]','2'),
('519','12','306','11','0','1','1503630698','[9,42,19,30,41,7,18,16,3,12]','3'),
('520','9','306','-2','0','0','','[40,28,27,4,15,25,1,23,0,11]','3'),
('521','7','306','-9','0','0','','[20,31,8,29,6,5,14,2,24,34]','3'),
('522','13','306','0','0','1','1503630694','[17,39,38,26,37,36,13,35,22,33]','3'),
('523','12','306','-3','0','0','','[31,19,18,28,27,25,2,13,11,22]','4'),
('524','9','306','0','0','1','1503630885','[8,7,39,16,15,3,14,24,12,33]','4'),
('525','7','306','-20','0','0','','[42,30,41,29,40,6,17,5,4,37]','4'),
('526','13','306','23','0','1','1503630932','[9,20,38,26,36,35,1,23,34,0]','4'),
('527','12','306','0','0','1','1503631095','[31,28,39,16,4,25,24,12,0,33]','5'),
('528','9','306','0','0','1','1503631119','[8,19,7,40,17,27,26,3,36,35]','5'),
('529','7','306','2','0','1','1503631074','[9,41,29,6,5,37,13,1,34,22]','5'),
('530','13','306','-2','0','0','','[20,42,30,18,38,15,14,2,23,11]','5'),
('531','12','306','-2','0','0','','[31,42,29,27,15,26,37,25,23,34]','6'),
('532','9','306','2','0','1','1503631271','[30,40,6,17,16,38,3,36,12,33]','6'),
('533','7','306','0','0','1','1503631162','[9,20,8,18,39,4,14,24,35,1]','6'),
('534','13','306','0','0','1','1503631183','[19,41,7,28,5,2,13,0,11,22]','6'),
('535','12','306','0','0','1','1503631353','[9,8,30,18,39,24,35,12,0,22]','7'),
('536','9','306','0','0','1','1503631365','[20,19,41,7,37,3,36,2,34,33]','7'),
('537','7','306','-10','0','1','1503631394','[42,40,6,16,27,38,26,25,1,11]','7'),
('538','13','306','0','0','1','1503631414','[31,29,17,28,5,4,15,14,13,23]','7'),
('539','12','306','-4','0','0','','[31,42,18,29,5,37,3,25,13,22]','8'),
('540','9','306','13','0','1','1503631552','[30,41,17,39,4,26,35,23,11,33]','8'),
('541','7','306','-6','0','0','','[20,7,6,28,16,38,15,36,2,34]','8'),
('542','13','306','-3','0','0','','[9,8,19,40,27,14,24,1,12,0]','8'),
('543','12','306','6','0','1','1503631696','[9,31,42,7,17,16,25,13,24,12]','9'),
('544','9','306','0','0','1','1503631667','[28,27,3,36,2,35,1,23,34,11]','9'),
('545','7','306','-3','0','0','','[20,8,18,29,40,6,5,38,4,37]','9'),
('546','13','306','-3','0','0','','[19,30,41,39,15,26,14,0,22,33]','9'),
('547','12','306','112','0','1','1503631863','[8,5,16,27,38,36,35,12,0,22]','10'),
('548','9','306','-30','0','0','','[9,20,42,19,41,29,39,24,1,33]','10'),
('549','7','306','8','0','0','','[31,17,4,15,26,37,3,2,13,34]','10'),
('550','13','306','-90','0','0','','[30,7,18,40,6,28,14,25,23,11]','10'),
('551','9','311','0','0','1','1503635723','[10,43,19,28,36,2,24,0,11,22]','1'),
('552','7','311','-4','0','0','','[21,32,30,41,40,17,3,13,1,34]','1'),
('553','11','311','6','0','1','1503635754','[31,7,18,6,27,15,14,25,35,33]','1'),
('554','13','311','-2','0','0','','[20,42,29,39,5,16,4,26,37,23]','1'),
('555','9','311','-2','0','0','','[9,42,28,39,16,38,15,36,2,23]','2'),
('556','7','311','14','0','0','','[10,43,41,18,6,27,37,13,35,11]','2'),
('557','11','311','-3','0','0','','[21,20,4,26,3,25,24,0,22,33]','2'),
('558','13','311','-9','0','0','','[31,8,30,7,29,40,5,14,1,12]','2'),
('559','11','322','-7','0','0','','[42,30,7,39,5,15,13,12,23,34]','1'),
('560','9','322','0','0','1','1503894340','[41,40,17,28,38,4,3,14,2,33]','1'),
('561','13','322','11','0','1','1503894353','[9,31,29,6,16,27,24,0,11,22]','1'),
('562','14','322','-4','0','0','','[20,8,19,18,26,37,25,36,35,1]','1'),
('563','14','327','-5','0','0','','[31,19,41,40,16,3,25,34,0,22]','1'),
('564','11','327','15','0','1','1503970561','[30,18,6,28,5,37,14,36,35,23]','1'),
('565','9','327','-5','0','0','','[7,17,39,4,26,2,13,24,1,11]','1'),
('566','7','327','-5','0','0','','[9,20,42,8,29,27,38,15,12,33]','1'),
('567','14','327','-4','0','0','','[8,41,17,28,39,16,4,15,14,0]','2'),
('568','11','327','-2','0','0','','[30,5,27,38,26,37,3,24,34,11]','2'),
('569','9','327','13','0','1','1503970682','[20,31,19,40,6,36,1,12,22,33]','2'),
('570','7','327','-7','0','0','','[9,42,7,18,29,25,2,13,35,23]','2'),
('571','14','327','7','0','1','1503970828','[20,42,8,18,40,28,5,4,36,0]','3'),
('572','11','327','-3','0','0','','[30,41,6,17,27,26,2,13,12,33]','3'),
('573','9','327','-2','0','0','','[7,39,38,15,37,3,24,23,11,22]','3'),
('574','7','327','-2','0','0','','[9,31,19,29,16,14,25,35,1,34]','3'),
('575','14','327','0','0','1','1503970908','[9,42,28,39,16,4,14,24,23,22]','4'),
('576','11','327','-4','0','0','','[31,19,30,41,29,5,38,15,36,13]','4'),
('577','9','327','4','0','1','1503970962','[20,8,18,40,27,26,1,34,11,33]','4'),
('578','7','327','0','0','1','1503970933','[7,6,17,37,3,25,2,35,12,0]','4'),
('579','14','327','10','0','1','1503971201','[20,19,41,17,26,14,25,35,23,0]','5'),
('580','11','327','0','0','1','1503971147','[8,7,29,6,5,15,24,1,12,33]','5'),
('581','9','327','0','0','1','1503971073','[9,42,27,38,4,3,2,13,11,22]','5'),
('582','7','327','-10','0','1','1503971189','[31,30,18,40,28,39,16,37,36,34]','5'),
('583','14','327','11','0','0','','[20,41,7,17,5,38,15,3,36,2]','6'),
('584','11','327','-4','0','0','','[31,8,19,6,37,13,35,23,34,33]','6'),
('585','9','327','-5','0','0','','[9,30,18,29,27,4,14,24,1,12]','6'),
('586','7','327','-2','0','0','','[42,40,28,39,16,26,25,0,11,22]','6'),
('587','14','327','-4','0','0','','[42,29,6,15,26,37,25,13,12,0]','7'),
('588','11','327','16','0','1','1503971479','[9,40,28,5,16,3,14,2,11,33]','7'),
('589','9','327','-3','0','0','','[19,30,17,39,27,4,24,1,23,22]','7'),
('590','7','327','-9','0','0','','[20,31,8,41,7,18,38,36,35,34]','7'),
('591','14','327','0','0','1','1503971589','[19,30,41,40,5,13,34,0,11,33]','8'),
('592','11','327','-2','0','0','','[31,18,39,15,26,37,25,24,35,1]','8'),
('593','9','327','-6','0','0','','[42,8,29,6,17,16,4,14,36,12]','8'),
('594','7','327','8','0','1','1503971682','[9,20,7,28,27,38,3,2,23,22]','8'),
('595','14','327','-3','0','0','','[8,30,29,40,28,5,27,38,26,23]','9'),
('596','11','327','30','0','1','1503971786','[41,7,17,16,3,2,24,12,34,11]','9'),
('597','9','327','-20','0','0','','[31,18,6,4,37,36,13,35,0,22]','9'),
('598','7','327','-7','0','0','','[9,20,42,19,39,15,14,25,1,33]','9'),
('599','14','327','-9','0','0','','[31,30,6,17,28,5,16,14,12,22]','10'),
('600','11','327','23','0','1','1503971849','[20,8,18,39,3,36,13,23,0,33]','10'),
('601','9','327','-9','0','0','','[9,7,29,40,27,26,37,35,1,34]','10'),
('602','7','327','-5','0','0','','[42,19,41,38,4,15,25,2,24,11]','10'),
('603','11','340','-2','0','0','','[40,6,16,38,4,26,3,2,11,22]','1'),
('604','9','340','0','0','1','1504058907','[31,8,41,7,17,28,14,13,1,12]','1'),
('605','7','340','8','0','0','','[9,19,18,29,5,27,37,25,35,34]','1'),
('606','14','340','-6','0','0','','[20,42,30,39,15,36,24,23,0,33]','1'),
('607','11','340','-3','0','0','','[30,6,16,3,13,35,1,23,11,22]','2'),
('608','9','340','-5','0','0','','[31,41,17,5,27,38,15,14,12,33]','2'),
('609','7','340','8','0','1','1504059035','[9,7,18,39,4,26,37,36,2,34]','2'),
('610','14','340','0','0','1','1504059012','[20,42,8,19,29,40,28,25,24,0]','2'),
('611','11','340','0','0','1','1504059114','[9,20,31,18,40,6,38,15,1,23]','3'),
('612','9','340','-3','0','0','','[29,5,27,4,26,3,35,34,11,33]','3'),
('613','7','340','-4','0','0','','[19,30,17,16,14,25,2,13,12,0]','3'),
('614','14','340','7','0','1','1504059151','[42,8,41,7,28,39,37,36,24,22]','3'),
('615','11','340','0','0','1','1504059296','[20,8,41,7,26,25,35,12,22,33]','4'),
('616','9','340','-10','0','1','1504059317','[9,6,27,4,15,14,36,13,24,1]','4'),
('617','7','340','0','0','1','1504059272','[18,40,28,16,38,37,3,2,23,11]','4'),
('618','14','340','10','0','1','1504059321','[31,42,19,30,29,17,39,5,34,0]','4'),
('619','11','340','-5','0','0','','[31,41,28,38,15,3,25,12,23,33]','5'),
('620','9','340','-3','0','0','','[19,30,7,18,40,16,4,24,1,22]','5'),
('621','7','340','0','0','1','1504059465','[9,20,42,8,29,39,5,36,34,0]','5'),
('622','14','340','8','0','1','1504059468','[6,17,27,26,37,14,2,13,35,11]','5'),
('623','11','340','-14','0','0','','[31,28,39,3,14,25,2,12,11,22]','6'),
('624','9','340','-20','0','0','','[9,20,19,30,41,29,6,4,36,23]','6'),
('625','7','340','-22','0','0','','[8,7,18,15,26,37,13,24,35,33]','6'),
('626','14','340','56','0','1','1504060120','[42,40,17,5,16,27,38,1,34,0]','6'),
('627','14','340','-9','0','0','','[20,31,41,40,28,39,26,25,35,22]','7'),
('628','9','340','-2','0','0','','[42,29,6,4,15,3,2,13,11,33]','7'),
('629','7','340','18','0','1','1504060183','[9,8,30,5,27,37,36,24,12,0]','7'),
('630','11','340','-7','0','0','','[19,7,18,17,16,38,14,1,23,34]','7'),
('631','14','340','-2','0','0','','[8,30,41,6,5,38,2,23,0,33]','8'),
('632','9','340','-4','0','0','','[9,20,7,16,27,4,26,14,36,35]','8'),
('633','7','340','13','0','1','1504060447','[18,17,28,15,37,3,25,1,12,22]','8'),
('634','11','340','-7','0','0','','[31,42,19,29,40,39,13,24,34,11]','8'),
('635','14','340','-5','0','0','','[42,30,18,40,37,14,2,12,34,33]','9'),
('636','9','340','-7','0','0','','[20,8,41,6,5,4,26,3,24,0]','9'),
('637','11','340','-5','0','0','','[9,31,7,27,38,15,25,36,1,11]','9'),
('638','7','340','17','0','1','1504060525','[19,29,17,28,39,16,13,35,23,22]','9'),
('639','14','340','-8','0','0','','[42,40,28,4,15,26,2,13,24,33]','10'),
('640','9','340','-6','0','0','','[9,31,5,14,25,36,35,1,12,23]','10'),
('641','11','340','22','0','0','','[8,19,30,29,6,17,39,38,11,22]','10'),
('642','7','340','-8','0','0','','[20,41,7,18,16,27,37,3,34,0]','10'),
('643','7','341','-7','0','0','','[42,8,19,39,4,15,23,0,11,33]','1'),
('644','14','341','-2','0','0','','[9,20,31,30,41,28,13,24,1,22]','1'),
('645','9','341','9','0','0','','[18,40,17,38,3,14,2,35,12,34]','1'),
('646','11','341','0','0','1','1504066601','[7,29,6,5,16,27,26,37,25,36]','1'),
('647','7','341','-20','0','0','','[20,31,41,40,5,38,25,36,13,23]','2'),
('648','14','341','-20','0','0','','[30,17,39,27,26,35,12,0,11,22]','2'),
('649','9','341','60','0','1','1504066643','[9,19,7,29,6,16,3,24,34,33]','2'),
('650','11','341','-20','0','0','','[42,8,18,28,4,15,37,14,2,1]','2'),
('651','7','341','11','0','1','1504066848','[18,29,15,26,36,2,13,35,1,12]','8'),
('652','14','341','-7','0','0','','[42,8,7,40,17,27,4,3,25,24]','8'),
('653','9','341','-4','0','0','','[20,19,30,28,39,5,23,34,0,22]','8'),
('654','11','341','0','0','1','1504066823','[9,31,41,6,16,38,37,14,11,33]','8'),
('655','7','341','-3','0','0','','[9,6,28,5,38,4,24,12,34,33]','9'),
('656','14','341','-8','0','0','','[42,7,27,15,26,36,2,35,11,22]','9'),
('657','11','341','20','0','1','1504066951','[20,31,19,30,18,29,40,17,25,0]','9'),
('658','9','341','-9','0','0','','[8,41,39,16,37,3,14,13,1,23]','9'),
('659','7','341','-20','0','0','','[31,42,30,41,18,17,38,15,26,3]','10'),
('660','14','341','0','0','1','1504067004','[6,39,27,4,14,13,24,1,0,33]','10'),
('661','9','341','-5','0','0','','[9,20,19,28,5,16,37,2,35,22]','10'),
('662','11','341','25','0','1','1504067053','[8,7,29,40,25,36,12,23,34,11]','10'),
('663','11','343','0','0','1','1504067203','[20,18,6,39,5,27,3,2,1,12]','1'),
('664','14','343','10','0','1','1504067248','[9,30,41,7,40,17,26,13,24,34]','1'),
('665','9','343','-5','0','0','','[42,19,29,38,4,15,37,14,23,11]','1'),
('666','7','343','-5','0','0','','[31,8,28,16,25,36,35,0,22,33]','1'),
('667','11','343','-2','0','0','','[31,18,29,16,27,24,23,34,0,22]','2'),
('668','14','343','-2','0','0','','[9,20,30,17,39,26,14,35,1,12]','2'),
('669','9','343','-3','0','0','','[42,8,41,6,28,5,4,15,13,11]','2'),
('670','7','343','7','0','1','1504067438','[19,7,40,38,37,3,25,36,2,33]','2'),
('671','9','359','12','0','1','1504166641','[9,31,42,8,39,38,4,24,35,11]','1'),
('672','11','359','0','0','1','1504166602','[20,29,5,16,27,14,2,34,0,33]','1'),
('673','14','359','-4','0','0','','[19,30,18,26,37,3,25,36,1,22]','1'),
('674','7','359','-8','0','0','','[41,7,40,6,17,28,15,13,12,23]','1'),
('675','11','370','-7','0','0','','[31,42,19,28,16,38,24,1,34,0]','1'),
('676','14','370','22','0','1','1504173773','[9,20,30,29,6,27,4,37,14,22]','1'),
('677','9','370','-6','0','0','','[41,7,18,5,3,2,35,12,11,33]','1'),
('678','12','370','-9','0','0','','[8,40,17,39,15,26,25,36,13,23]','1'),
('679','12','372','0','0','1','1504230622','[9,19,30,7,15,13,35,0,11,22]','1'),
('680','11','372','3','0','1','1504230680','[20,31,41,6,28,16,27,25,24,33]','1'),
('681','9','372','-3','0','0','','[42,8,18,29,17,38,4,3,2,1]','1'),
('682','14','372','0','0','1','1504230657','[40,39,5,26,37,14,36,12,23,34]','1'),
('683','12','372','0','0','1','1504230999','[42,19,28,5,37,13,12,23,34,11]','2'),
('684','11','372','2','0','1','1504231067','[9,8,7,18,40,17,39,26,3,36]','2'),
('685','9','372','-2','0','0','','[20,31,41,27,38,14,24,1,0,22]','2'),
('686','14','372','0','0','1','1504230811','[30,29,6,16,4,15,25,2,35,33]','2'),
('687','14','374','-20','0','0','','[20,31,8,41,5,27,38,26,25,1]','1'),
('688','9','374','-9','0','0','','[9,29,6,28,37,3,2,35,0,22]','1'),
('689','11','374','-4','0','0','','[42,17,39,16,4,15,14,36,23,11]','1'),
('690','12','374','33','0','1','1504231745','[19,30,7,18,40,13,24,12,34,33]','1'),
('691','14','374','0','0','1','1504232587','[9,29,40,6,39,4,14,36,2,13]','2'),
('692','9','374','2','0','1','1504232593','[19,41,7,18,26,24,35,12,23,33]','2'),
('693','11','374','0','0','1','1504232571','[20,42,8,30,17,28,5,38,37,34]','2'),
('694','12','374','-2','0','0','','[31,16,27,15,3,25,1,0,11,22]','2'),
('695','7','373','-20','0','0','','[31,42,41,28,39,38,2,35,0,22]','1'),
('696','11','373','47','0','1','1504233736','[9,19,29,5,26,25,13,12,23,11]','1'),
('697','9','373','-20','0','0','','[20,30,7,40,16,27,15,37,24,1]','1'),
('698','14','373','-7','0','0','','[8,18,6,17,4,3,14,36,34,33]','1'),
('699','7','373','0','0','1','1504233881','[41,28,39,5,15,36,2,13,24,11]','2'),
('700','11','373','-3','0','0','','[31,19,30,7,40,27,14,35,0,22]','2'),
('701','9','373','10','0','1','1504233897','[9,42,8,6,16,37,25,12,23,33]','2'),
('702','14','373','-7','0','0','','[20,18,29,17,38,4,26,3,1,34]','2'),
('703','7','373','-4','0','0','','[9,20,8,19,17,28,39,16,27,12]','3'),
('704','9','373','-9','0','0','','[31,42,30,18,29,40,6,5,15,23]','3'),
('705','11','373','0','0','1','1504234353','[41,38,26,3,25,36,2,24,1,22]','3'),
('706','14','373','13','0','1','1504234424','[7,4,37,14,13,35,34,0,11,33]','3'),
('707','9','373','46','0','0','','[28,5,16,27,37,1,34,11,22,33]','4'),
('708','11','373','-18','0','0','','[7,29,40,38,26,3,14,36,2,13]','4'),
('709','14','373','22','0','0','','[9,20,31,42,30,39,15,24,35,12]','4'),
('710','7','373','-50','0','0','','[8,19,41,18,6,17,4,25,23,0]','4'),
('711','14','375','-2','0','0','','[19,41,40,28,15,14,25,13,35,22]','1'),
('712','7','375','5','0','1','1504235616','[9,31,42,8,29,38,4,36,34,33]','1'),
('713','9','375','-3','0','0','','[30,7,18,39,16,26,37,3,2,12]','1'),
('714','12','375','0','0','1','1504235599','[20,6,17,5,27,24,1,23,0,11]','1'),
('715','7','375','9','0','1','1504235790','[20,40,28,39,27,15,3,35,0,11]','2'),
('716','12','375','0','0','1','1504235780','[8,7,18,29,6,16,4,2,1,34]','2'),
('717','14','375','0','0','1','1504235725','[9,5,26,37,14,25,24,12,23,22]','2'),
('718','9','375','-9','0','0','','[31,42,19,30,41,17,38,36,13,33]','2'),
('719','13','392','24','0','0','','[30,40,6,17,28,39,38,15,1,22]','1'),
('720','9','392','-10','0','1','1504254070','[9,42,41,29,5,14,2,13,12,23]','1'),
('721','11','392','4','0','1','1504254125','[31,7,18,4,25,36,24,34,0,11]','1'),
('722','7','392','-18','0','0','','[20,8,19,16,27,26,37,3,35,33]','1'),
('723','13','392','-20','0','0','','[20,31,41,29,28,3,14,13,12,22]','2'),
('724','9','392','-7','0','0','','[9,19,18,40,38,36,2,24,23,0]','2'),
('725','11','392','-7','0','0','','[8,17,39,5,16,4,15,37,25,33]','2'),
('726','7','392','34','0','1','1504254179','[42,30,7,6,27,26,35,1,34,11]','2'),
('727','13','392','-50','0','0','','[42,29,40,6,17,39,16,15,14,25]','3'),
('728','9','392','22','0','0','','[31,30,27,26,37,2,1,12,23,34]','3'),
('729','11','392','44','0','1','1504254293','[19,38,4,3,36,13,24,11,22,33]','3'),
('730','7','392','-16','0','0','','[9,20,8,41,7,18,28,5,35,0]','3'),
('731','13','392','15','0','1','1504254387','[29,5,27,4,37,36,13,35,23,0]','4'),
('732','9','392','0','0','1','1504254373','[9,31,42,6,17,3,34,11,22,33]','4'),
('733','11','392','-7','0','0','','[20,8,30,41,18,39,16,14,24,12]','4'),
('734','7','392','-8','0','0','','[19,7,40,28,38,15,26,25,2,1]','4'),
('735','13','392','-20','0','0','','[31,19,40,39,38,37,25,24,23,33]','5'),
('736','9','392','-4','0','0','','[9,42,8,30,29,5,3,14,36,34]','5'),
('737','11','392','-3','0','0','','[20,7,6,28,16,27,15,13,1,12]','5'),
('738','7','392','27','0','0','','[41,18,17,4,26,2,35,0,11,22]','5'),
('739','13','392','-6','0','0','','[8,30,6,28,27,15,12,0,22,33]','6'),
('740','9','392','-9','0','0','','[31,19,41,7,18,16,38,3,25,24]','6'),
('741','11','392','-9','0','0','','[29,17,4,26,14,2,13,1,23,34]','6'),
('742','7','392','24','0','0','','[9,20,42,40,39,5,37,36,35,11]','6'),
('743','13','392','-16','0','0','','[42,41,7,40,6,14,2,35,23,22]','7'),
('744','9','392','-24','0','0','','[20,19,28,39,4,37,3,25,12,11]','7'),
('745','11','392','20','0','1','1504254622','[9,30,18,29,17,26,36,13,1,0]','7'),
('746','7','392','20','0','0','','[31,8,5,16,27,38,15,24,34,33]','7'),
('747','13','392','-24','0','0','','[20,29,6,39,4,37,3,14,25,33]','8'),
('748','9','392','26','0','0','','[9,31,42,40,5,16,27,38,35,23]','8'),
('749','11','392','48','0','1','1504254686','[8,19,41,7,13,24,12,34,0,11]','8'),
('750','7','392','-50','0','0','','[30,18,17,28,15,26,36,2,1,22]','8'),
('751','13','392','6','0','1','1504254779','[9,42,30,29,6,17,4,37,2,1]','9'),
('752','9','392','-6','0','0','','[20,7,18,40,39,16,27,13,24,34]','9'),
('753','11','392','0','0','1','1504254794','[31,19,41,15,26,14,12,23,0,33]','9'),
('754','7','392','0','0','1','1504254804','[8,28,5,38,3,25,36,35,11,22]','9'),
('755','13','392','-6','0','0','','[20,8,28,5,4,14,36,35,1,12]','10'),
('756','9','392','-20','0','0','','[31,19,30,7,40,6,37,25,11,33]','10'),
('757','11','392','32','0','0','','[27,38,15,26,3,2,13,24,23,22]','10'),
('758','7','392','-6','0','0','','[9,42,41,18,29,17,39,16,34,0]','10'),
('759','11','393','9','0','1','1504255091','[21,42,7,18,29,38,15,36,35,0]','1'),
('760','7','393','-6','0','0','','[43,20,8,41,28,39,27,26,37,34]','1'),
('761','13','393','-3','0','0','','[9,31,40,6,16,25,2,13,24,23]','1'),
('762','9','393','0','0','1','1504255071','[10,32,30,17,3,14,1,12,11,33]','1'),
('763','11','393','-7','0','0','','[43,29,16,38,14,25,13,24,35,12]','2'),
('764','7','393','18','0','1','1504255185','[20,8,7,18,39,27,26,3,34,33]','2'),
('765','13','393','-4','0','0','','[9,31,30,6,17,4,37,2,0,22]','2'),
('766','9','393','-7','0','0','','[10,21,42,19,40,28,5,36,1,23]','2'),
('767','11','393','6','0','0','','[31,28,39,5,16,27,13,24,35,22]','3'),
('768','7','393','-2','0','0','','[10,19,41,7,14,2,1,23,34,33]','3'),
('769','13','393','0','0','1','1504255307','[32,43,9,20,42,30,17,15,37,0]','3'),
('770','9','393','-4','0','0','','[21,18,29,38,4,26,3,25,36,11]','3'),
('771','11','393','0','0','1','1504255535','[31,8,29,17,38,15,26,2,12,23]','4'),
('772','7','393','0','0','1','1504255490','[10,21,32,40,6,28,39,14,13,24]','4'),
('773','13','393','2','0','1','1504255539','[43,9,19,30,7,18,5,1,22,33]','4'),
('774','9','393','-2','0','0','','[20,42,41,16,27,4,3,25,34,11]','4'),
('775','11','393','-4','0','0','','[32,20,31,18,17,39,16,3,0,11]','5'),
('776','7','393','-2','0','0','','[10,21,41,5,15,2,24,1,12,22]','5'),
('777','13','393','10','0','1','1504255663','[9,42,30,29,6,28,38,25,36,35]','5'),
('778','9','393','-4','0','0','','[43,8,19,40,4,37,14,23,34,33]','5'),
('779','11','393','-3','0','0','','[10,32,42,7,37,13,35,1,0,22]','6'),
('780','7','393','18','0','1','1504255767','[9,19,18,40,17,39,38,12,11,33]','6'),
('781','13','393','-6','0','0','','[43,8,41,29,5,16,4,14,25,34]','6'),
('782','9','393','-9','0','0','','[21,31,30,6,28,27,15,26,24,23]','6'),
('783','11','393','16','0','1','1504255878','[8,41,4,26,37,3,35,1,34,11]','7'),
('784','7','393','-4','0','0','','[10,32,20,17,39,5,16,25,12,33]','7'),
('785','13','393','-6','0','0','','[21,31,19,30,29,6,28,27,14,36]','7'),
('786','9','393','-6','0','0','','[43,42,7,40,38,15,13,23,0,22]','7'),
('787','11','393','26','0','0','','[21,8,19,30,41,7,37,14,2,34]','8'),
('788','7','393','20','0','1','1504255966','[9,6,39,5,38,15,26,36,12,0]','8'),
('789','13','393','-20','0','0','','[32,31,42,29,28,3,24,35,1,33]','8'),
('790','9','393','-26','0','0','','[10,20,18,40,17,16,4,25,13,22]','8'),
('791','11','393','-3','0','0','','[9,42,41,40,17,28,4,36,34,33]','9'),
('792','7','393','9','0','1','1504256043','[21,32,29,39,27,15,37,14,24,35]','9'),
('793','13','393','-2','0','0','','[10,20,8,19,5,38,3,23,11,22]','9'),
('794','9','393','-4','0','0','','[43,31,30,7,18,6,26,13,1,12]','9'),
('795','11','393','-4','0','0','','[21,19,30,16,38,4,37,36,24,11]','10'),
('796','7','393','12','0','1','1504256144','[43,9,41,7,6,39,15,3,14,35]','10'),
('797','13','393','-3','0','0','','[10,32,31,8,5,26,2,12,34,33]','10'),
('798','9','393','-5','0','0','','[20,42,29,40,28,27,25,1,0,22]','10');
DROP TABLE IF EXISTS edd_term_relationships;
CREATE TABLE `edd_term_relationships` (
  `tid` bigint(20) NOT NULL AUTO_INCREMENT,
  `object_id` bigint(20) unsigned NOT NULL DEFAULT '0' COMMENT 'posts表里文章id',
  `term_id` bigint(20) unsigned NOT NULL DEFAULT '0' COMMENT '分类id',
  `listorder` int(10) NOT NULL DEFAULT '0' COMMENT '排序',
  `status` int(2) NOT NULL DEFAULT '1' COMMENT '状态，1发布，0不发布',
  PRIMARY KEY (`tid`),
  KEY `term_taxonomy_id` (`term_id`)
) ENGINE=MyISAM AUTO_INCREMENT=34 DEFAULT CHARSET=utf8 COMMENT='Portal 文章分类对应表';
INSERT INTO `edd_term_relationships` VALUES 
('33','9','24','0','1'),
('32','10','31','0','1');
DROP TABLE IF EXISTS edd_terms;
CREATE TABLE `edd_terms` (
  `term_id` bigint(20) unsigned NOT NULL AUTO_INCREMENT COMMENT '分类id',
  `name` varchar(200) DEFAULT NULL COMMENT '分类名称',
  `slug` varchar(200) DEFAULT '',
  `taxonomy` varchar(32) DEFAULT NULL COMMENT '分类类型',
  `description` longtext COMMENT '分类描述',
  `parent` bigint(20) unsigned DEFAULT '0' COMMENT '分类父id',
  `count` bigint(20) DEFAULT '0' COMMENT '分类文章数',
  `path` varchar(500) DEFAULT NULL COMMENT '分类层级关系路径',
  `seo_title` varchar(500) DEFAULT NULL,
  `seo_keywords` varchar(500) DEFAULT NULL,
  `seo_description` varchar(500) DEFAULT NULL,
  `list_tpl` varchar(50) DEFAULT NULL COMMENT '分类列表模板',
  `one_tpl` varchar(50) DEFAULT NULL COMMENT '分类文章页模板',
  `listorder` int(5) NOT NULL DEFAULT '0' COMMENT '排序',
  `status` int(2) DEFAULT '1' COMMENT '状态，1发布，0不发布',
  PRIMARY KEY (`term_id`)
) ENGINE=MyISAM AUTO_INCREMENT=32 DEFAULT CHARSET=utf8 COMMENT='Portal 文章分类表';
INSERT INTO `edd_terms` VALUES 
('24','首页最新资讯','','文章','','0','0','0','','','','news','content','0','1'),
('31','首页新闻滚动条','','','','0','0','0','','','','','','0','1');
DROP TABLE IF EXISTS edd_users;
CREATE TABLE `edd_users` (
  `id` bigint(20) unsigned NOT NULL AUTO_INCREMENT,
  `user_login` varchar(60) NOT NULL DEFAULT '' COMMENT '用户名',
  `avatar` varchar(255) DEFAULT NULL,
  `user_pass` varchar(64) NOT NULL DEFAULT '' COMMENT '登录密码；sp_password加密',
  `user_pass_salt` varchar(255) DEFAULT NULL COMMENT '密码验证',
  `user_nicename` varchar(50) NOT NULL DEFAULT '' COMMENT '用户美名',
  `user_email` varchar(100) DEFAULT '' COMMENT '登录邮箱',
  `last_login_ip` varchar(16) DEFAULT NULL COMMENT '最后登录ip',
  `last_login_time` varchar(255) DEFAULT '0' COMMENT '最后登录时间',
  `update_time` varchar(255) NOT NULL DEFAULT '0' COMMENT '更新时间',
  `create_time` varchar(255) DEFAULT '0' COMMENT '注册时间',
  `user_status` int(11) NOT NULL DEFAULT '0' COMMENT '用户状态 0：禁用； 1：正常 ；2：未验证',
  `mobile` varchar(20) NOT NULL DEFAULT '' COMMENT '手机号',
  `user_hits` int(11) DEFAULT '0' COMMENT '登陆次数',
  `childs_nums` int(11) DEFAULT '0' COMMENT '下线人数',
  `user_rank` int(11) NOT NULL DEFAULT '0' COMMENT '代理等级一级 二级',
  `player_id` int(11) DEFAULT NULL COMMENT '如果代理是玩家，就绑定他的玩家id',
  PRIMARY KEY (`id`),
  KEY `user_login_key` (`user_login`),
  KEY `user_nicename` (`user_nicename`)
) ENGINE=MyISAM AUTO_INCREMENT=53 DEFAULT CHARSET=utf8 COMMENT='用户表';
INSERT INTO `edd_users` VALUES 
('1','admin','/data/upload/admin/avatar/20170707/1918386ea782997445a421ece9df3560.jpg','7ccf1c8db28f58172bcb8af9d7359800','DIIxzlCvIv','admin','dc_wen663@163.com','139.205.128.222','1503974696','1501993895','1489155324','1','','126','0','0','0'),
('2','eddie','/data/upload/admin/avatar/20170801/f546230d7286cfbb64e025ce87ca30c0.jpg','2d4f7a0e21e327098a208ba5310e6221','NrnZBwKrbI','eddie','','139.205.129.250','1501671224','1503652673','1501570654','1','','7','0','1','0'),
('41','gaojing','/data/upload/admin/avatar/20170818/75b8fa4092d0ac4cf0722f31fa07fdb5.jpg','7678a366a2679d62b1d26dccc6e1a886','QAxTXtbJaW','eddie','','139.205.128.222','1503972353','1503884423','1501663556','1','','6','0','2','9'),
('45','cesi123','/data/upload/admin/avatar/20170825/ff9f1f74553c3f14ffe4a34df00b6de7.jpg','21940f6c14b472b3bc0804f478551a5b','EmkjEXbjkL','cesi123','dc_wen666666@163.com','139.205.135.188','1503633114','1503633138','1503632961','1','','1','0','0','0');
DROP TABLE IF EXISTS edd_widgets;
CREATE TABLE `edd_widgets` (
  `wid_id` int(11) NOT NULL AUTO_INCREMENT,
  `wid_params` varchar(255) DEFAULT NULL COMMENT '参数',
  `wid_color` varchar(255) DEFAULT NULL COMMENT '模块颜色',
  `wid_icon` varchar(255) DEFAULT NULL COMMENT '模块图标',
  `wid_date` varchar(255) DEFAULT NULL COMMENT '模块时间',
  `wid_admin` int(11) DEFAULT NULL COMMENT '操作者',
  `wid_name` varchar(255) DEFAULT NULL COMMENT '插件名字',
  `wid_key` varchar(255) DEFAULT NULL COMMENT '插件关键词',
  PRIMARY KEY (`wid_id`)
) ENGINE=MyISAM AUTO_INCREMENT=12 DEFAULT CHARSET=utf8 COMMENT='插件表';
INSERT INTO `edd_widgets` VALUES 
('10','api_key:78aac6166f2318bd2eaceae0fba6aa84|sign:欧麦信息科技','primary','fa fa-comments-o','1499931295','1','短信接口','msn'),
('11','url:https://captcha.luosimao.com/api/site_verify|api_key:fbdd90fa23bf05f970badd9a7fde8d0b|site_key:19d4e7396b5bda1e1db0442b9d28219d','info','fa fa-cogs','1501487859','1','螺丝帽验证接口','lsm_verify');
